kunde_id;geburtsdatum;geschlecht;beruf;anmeldedatum;vorname;nachname;email;telefonnummer
1;1992-03-03;D;Manager;2017-03-16;Norman;Herrmann;norman.herrmann15@gmail.com;01454 53969
2;1976-10-24;W;Arzt;2018-11-09;Anneli;Werner;anneli.werner32@web.de;+49(0)1272051171
3;1961-09-29;D;Lehrer;2018-11-05;Mandy;Reising;mandy.reising14@t-online.de;(08034) 51488
4;2003-04-28;D;Ingenieur;2017-10-18;Ian;Drewes;ian.drewes55@gmail.com;+49(0) 742000902
5;1957-05-29;M;Student;2023-12-03;Hans-Dietrich;Killer;hans-dietrich.killer28@web.de;(07503) 91058
6;1945-10-20;D;Kaufmann;2018-08-07;Agnes;Ullmann;agnes.ullmann4@t-online.de;(04159) 84698
7;1950-08-11;D;Buchhalter;2021-09-22;Nick;Hörle;nick.hörle84@t-online.de;0289082853
8;1951-12-25;M;Programmierer;2020-07-23;Lorenzo;Langern;lorenzo.langern58@t-online.de;+49(0)7607 86758
9;2007-09-01;M;Manager;2020-08-17;Andrei;Nohlmans;andrei.nohlmans98@web.de;0666677920
10;1993-01-07;W;Arzt;2023-08-05;Agata;Hein;agata.hein44@gmx.de;(08234) 640769
11;1985-07-24;M;Lehrer;2023-12-26;Milan;Kramer;milan.kramer98@gmx.de;+49(0) 762257483
12;1948-05-25;M;Pfleger;2016-03-13;Augustin;Ortmann;augustin.ortmann49@gmail.com;+49(0)4401 57820
13;1946-11-11;W;Verkäufer;2023-08-17;Liliana;Gutknecht;liliana.gutknecht78@gmx.de;00694 41408
14;1964-11-07;M;Student;2021-11-17;Bert;Lehmann;bert.lehmann94@outlook.de;02229 705924
15;1948-09-09;M;Student;2015-10-29;Nurettin;Winkler;nurettin.winkler49@gmail.com;(02369) 963862
16;2003-09-11;W;Jurist;2020-01-05;Ute;Bien;ute.bien81@t-online.de;01266 13170
17;1985-02-22;W;Manager;2022-01-24;Ingeborg;Geisel;ingeborg.geisel74@web.de;(09040) 80285
18;2004-02-06;M;Verkäufer;2017-07-28;Ignaz;Hendriks;ignaz.hendriks6@web.de;+49(0)8749 05029
19;1975-02-15;W;Elektriker;2019-09-28;Olena;Etzler;olena.etzler11@web.de;03874 763687
20;1951-12-01;M;Architekt;2020-01-11;Conrad;Hauffer;conrad.hauffer49@gmx.de;06463917692
21;1953-01-08;D;Pfleger;2015-07-31;Adelheid;Wagner;adelheid.wagner47@web.de;+49(0) 232154392
22;1955-03-05;W;Manager;2021-06-26;Hannah;Riehl;hannah.riehl27@gmx.de;+49 (0) 8705 064772
23;1989-01-17;D;Rentner;2016-02-22;Leonhard;Trubin;leonhard.trubin83@gmail.com;03433253539
24;1948-08-12;D;Manager;2020-04-04;Janusz;Oderwald;janusz.oderwald22@t-online.de;02163520000
25;1958-11-28;M;Buchhalter;2015-10-03;Dietrich;Karge;dietrich.karge21@outlook.de;+49(0)9264615532
26;1996-04-02;W;Kaufmann;2015-01-03;Katy;Etzler;katy.etzler82@t-online.de;+49 (0) 5948 197961
27;1975-05-05;D;Kaufmann;2015-10-12;Hedi;Stahr;hedi.stahr42@gmail.com;+49(0)7887 08768
28;1969-01-15;M;Programmierer;2021-04-15;Nikola;Heintze;nikola.heintze41@outlook.de;(03008) 527253
29;1984-09-03;M;Jurist;2016-02-06;Gregor;Textor;gregor.textor28@t-online.de;(09975) 64787
30;1985-09-15;D;Fahrer;2018-04-18;Edeltraud;Stoll;edeltraud.stoll41@web.de;(05483) 444412
31;2000-03-04;W;Arzt;2015-08-09;Ricarda;Flantz;ricarda.flantz51@outlook.de;09423995787
32;1966-06-27;W;Manager;2016-12-30;Valeria;Schäfer;valeria.schäfer18@web.de;05368 26725
33;1988-11-11;D;Manager;2020-09-20;Klaudia;Lorch;klaudia.lorch69@gmx.de;(06945) 682623
34;1960-02-15;D;Buchhalter;2017-10-23;Gunda;Metz;gunda.metz55@t-online.de;(09979) 99457
35;1992-04-08;W;Student;2021-02-12;Susanne;Bachmann;susanne.bachmann29@web.de;+49(0) 986855977
36;1992-07-11;W;Elektriker;2020-03-26;Jadwiga;Fritsch;jadwiga.fritsch12@gmail.com;02954116970
37;1948-02-25;M;Verkäufer;2015-11-05;Thies;Zorbach;thies.zorbach20@web.de;+49 (0) 7032 170155
38;1998-06-03;D;Lehrer;2015-10-17;Marlies;Mude;marlies.mude55@t-online.de;09575 088590
39;1991-04-09;W;Architekt;2018-04-19;Carina;Austermühle;carina.austermühle49@t-online.de;+49(0) 502803523
40;1947-10-03;D;Elektriker;2019-04-01;Meik;Naser;meik.naser33@t-online.de;0048925027
41;1994-09-20;M;Fahrer;2021-10-19;Alexej;Klemm;alexej.klemm88@gmail.com;+49(0) 545878860
42;1967-05-11;D;Verkäufer;2021-10-16;Juliana;Gutknecht;juliana.gutknecht97@gmx.de;+49(0)9043176352
43;1965-05-01;D;Programmierer;2019-03-29;Gertraut;Mühle;gertraut.mühle44@gmail.com;+49 (0) 8916 003616
44;1978-08-30;W;Ingenieur;2023-02-10;Julie;Drubin;julie.drubin21@outlook.de;09951748181
45;1963-10-21;D;Student;2017-05-22;Gundel;Oderwald;gundel.oderwald93@gmx.de;+49(0)2166 206336
46;1947-01-20;M;Elektriker;2017-04-24;Ilja;Martin;ilja.martin65@gmail.com;+49 (0) 7034 933723
47;2006-01-30;D;Rentner;2018-04-13;Ottomar;Kranz;ottomar.kranz39@t-online.de;02211 05892
48;1952-10-05;M;Verkäufer;2015-04-30;Stavros;Barth;stavros.barth20@gmx.de;08557044021
49;1949-06-02;M;Jurist;2021-07-14;Othmar;Baum;othmar.baum70@t-online.de;0532901852
50;1973-06-24;M;Architekt;2020-02-26;Tino;Kobelt;tino.kobelt77@gmx.de;(07209) 02077
51;1972-07-26;M;Jurist;2023-06-28;Hans-Heinrich;Pruschke;hans-heinrich.pruschke15@gmx.de;+49(0)1166 33982
52;1947-10-24;W;Kaufmann;2016-06-14;Susan;Schmidtke;susan.schmidtke31@gmail.com;(08809) 44728
53;2000-04-20;D;Manager;2022-11-15;Philomena;Schäfer;philomena.schäfer11@gmail.com;+49(0) 826453364
54;1955-05-17;W;Verkäufer;2022-03-05;Lidija;Metz;lidija.metz9@t-online.de;0104415172
55;1981-05-23;M;Student;2018-08-11;Fredo;Dörr;fredo.dörr17@outlook.de;(09319) 617173
56;1946-11-12;M;Elektriker;2019-08-14;Nicolai;Kostolzin;nicolai.kostolzin34@t-online.de;+49(0)7688703303
57;1946-01-01;D;Jurist;2023-12-19;Reiner;Riehl;reiner.riehl55@web.de;01988 667270
58;1975-06-03;D;Manager;2016-12-02;Raissa;Kusch;raissa.kusch97@web.de;+49(0) 162896630
59;1963-09-03;W;Architekt;2018-11-28;Waltrud;Klemt;waltrud.klemt52@gmx.de;+49(0)0742184898
60;1999-04-16;D;Kaufmann;2019-01-27;Helena;Kobelt;helena.kobelt58@gmail.com;(02805) 420390
61;1952-11-15;M;Ingenieur;2015-07-25;Reimund;Heß;reimund.heß9@gmx.de;+49(0)3599844290
62;1983-03-19;D;Rentner;2023-01-02;Lea;Schweitzer;lea.schweitzer71@web.de;0626139305
63;1988-09-11;M;Manager;2018-10-24;Eberhard;Grein Groth;eberhard.grein groth1@gmail.com;+49(0)2152 332559
64;1949-06-16;D;Lehrer;2015-07-23;Karl-Friedrich;Heinz;karl-friedrich.heinz8@web.de;(02236) 76663
65;1988-03-30;M;Student;2022-10-08;Lukas;Bohnbach;lukas.bohnbach43@gmail.com;+49(0)3580 038232
66;1962-05-19;M;Kaufmann;2017-03-14;Pavel;Misicher;pavel.misicher36@outlook.de;(00511) 370982
67;2004-03-23;D;Rentner;2018-05-30;Reginald;Karz;reginald.karz17@t-online.de;(05676) 737900
68;1953-07-17;W;Verkäufer;2023-04-16;Natali;Hecker;natali.hecker32@outlook.de;(01940) 57576
69;1979-04-03;W;Lehrer;2018-05-27;Agnes;Scheibe;agnes.scheibe25@gmail.com;+49 (0) 9522 228513
70;1993-04-04;D;Buchhalter;2021-09-01;Nancy;Junck;nancy.junck56@gmx.de;(03064) 788749
71;2008-01-30;W;Fahrer;2020-12-17;Aurelia;Bender;aurelia.bender60@gmail.com;+49 (0) 1952 970749
72;1993-04-04;D;Ingenieur;2017-12-21;Christl;Huhn;christl.huhn83@gmail.com;(00527) 44071
73;1995-08-17;W;Verkäufer;2019-11-18;Olivia;Roht;olivia.roht94@gmx.de;03746763393
74;2004-03-27;M;Kaufmann;2022-02-21;Kilian;Karge;kilian.karge32@web.de;(09860) 77403
75;1969-09-22;D;Buchhalter;2019-03-25;Isabelle;Eberth;isabelle.eberth58@web.de;(04052) 222411
76;1964-05-03;M;Kaufmann;2017-09-22;Arnfried;Gutknecht;arnfried.gutknecht36@outlook.de;+49(0)2879065123
77;1986-05-03;M;Lehrer;2022-04-30;Reginald;Niemeier;reginald.niemeier57@t-online.de;(00869) 80691
78;1970-08-12;M;Elektriker;2019-08-20;Manfred;Krein;manfred.krein84@t-online.de;0725640711
79;1976-06-07;M;Arzt;2018-07-06;Linus;Hendriks;linus.hendriks12@web.de;(07026) 27427
80;1988-04-15;W;Kaufmann;2019-12-12;Elsbeth;Neuschäfer;elsbeth.neuschäfer63@outlook.de;(06251) 991540
81;1996-03-08;W;Buchhalter;2016-10-13;Angelika;Schwital;angelika.schwital8@web.de;08362 56375
82;2003-10-28;M;Jurist;2020-06-03;Kevin;Fischer;kevin.fischer50@gmx.de;(09381) 68593
83;1969-11-29;W;Manager;2016-09-12;Agathe;Lindau;agathe.lindau37@outlook.de;+49(0)1772014586
84;1977-06-29;D;Arzt;2019-10-16;Mohammad;Schweitzer;mohammad.schweitzer72@outlook.de;(00464) 972130
85;1973-03-27;M;Ingenieur;2016-04-27;Albin;Döring;albin.döring38@web.de;(06575) 343840
86;1949-05-31;D;Ingenieur;2020-01-21;Heike;Krause;heike.krause95@t-online.de;+49 (0) 4477 534701
87;1994-11-27;D;Ingenieur;2016-02-10;Pierre;Holt;pierre.holt41@gmail.com;+49 (0) 3188 189907
88;1958-01-29;D;Jurist;2020-06-09;Belinda;Hornich;belinda.hornich62@t-online.de;02937 62167
89;1956-09-19;D;Student;2022-05-20;Harold;Roskoth;harold.roskoth21@gmail.com;(08310) 511588
90;1997-12-19;M;Rentner;2022-07-15;Andre;Hahn;andre.hahn24@gmail.com;00870 773951
91;1951-02-10;M;Buchhalter;2020-12-23;Wojciech;Scheibe;wojciech.scheibe87@web.de;(09719) 492571
92;1980-04-28;M;Rentner;2019-10-16;Timo;Junitz;timo.junitz73@web.de;+49 (0) 0317 796302
93;1962-04-05;D;Lehrer;2022-09-05;Jeanette;Barkholz;jeanette.barkholz6@t-online.de;01729 56385
94;1977-04-03;W;Rentner;2021-03-08;Fatima;Löchel;fatima.löchel85@t-online.de;+49 (0) 7458 633390
95;1983-09-06;D;Kaufmann;2017-02-12;Hans-Jochen;Heinz;hans-jochen.heinz41@gmx.de;+49(0) 236522295
96;1977-10-09;D;Kaufmann;2021-10-07;Uli;Henschel;uli.henschel92@gmx.de;+49(0)5363775156
97;1967-12-16;W;Fahrer;2018-01-08;Greta;Jockel;greta.jockel51@web.de;09450 70027
98;1979-10-19;D;Pfleger;2019-01-01;Gerard;Segebahn;gerard.segebahn39@outlook.de;+49(0)4824 113718
99;1981-07-24;M;Rentner;2015-07-24;Heinz-Werner;Dowerg;heinz-werner.dowerg2@outlook.de;+49(0)5498 195837
100;1990-08-20;D;Student;2020-05-03;Ferenc;Nette;ferenc.nette13@gmail.com;01288 34698
101;1979-05-22;M;Arzt;2019-09-28;Dominik;Rogge;dominik.rogge65@gmx.de;07223 97615
102;1971-12-30;W;Pfleger;2021-10-25;Dajana;Käster;dajana.käster9@web.de;0261397711
103;1976-11-29;W;Elektriker;2019-05-30;Catharina;Bender;catharina.bender21@outlook.de;+49(0)8934 53217
104;1961-09-16;D;Rentner;2022-06-03;Carla;Paffrath;carla.paffrath91@gmx.de;(00877) 72526
105;1963-02-20;D;Fahrer;2017-03-30;Sylvie;Finke;sylvie.finke68@gmail.com;+49(0)6327 07103
106;1991-12-04;D;Jurist;2018-10-16;Luciano;Hiller;luciano.hiller39@gmail.com;+49(0)1356 52957
107;1987-06-08;M;Jurist;2021-01-22;Georg;Dietz;georg.dietz34@gmail.com;+49(0) 149401158
108;1990-03-30;M;Arzt;2016-11-24;Leonard;Schenk;leonard.schenk96@t-online.de;+49(0)3863 297009
109;1977-03-07;W;Kaufmann;2016-02-08;Betty;Börner;betty.börner37@t-online.de;+49(0)6218335928
110;1986-07-25;D;Fahrer;2022-06-12;Caterina;Klapp;caterina.klapp44@web.de;(07322) 402879
111;2004-11-09;D;Architekt;2022-01-10;Alicja;Seip;alicja.seip34@t-online.de;(06806) 25366
112;2004-06-28;W;Fahrer;2021-10-31;Dörte;Scheel;dörte.scheel7@gmail.com;(02245) 48241
113;1960-02-06;W;Ingenieur;2021-07-23;Raphaela;Lindner;raphaela.lindner36@gmail.com;05552792693
114;1958-11-28;W;Fahrer;2020-03-19;Zita;Striebitz;zita.striebitz99@web.de;05432385291
115;1996-02-16;W;Student;2017-02-17;Frauke;Klemm;frauke.klemm21@outlook.de;09428331529
116;1946-04-07;D;Ingenieur;2016-05-07;Isidor;Mentzel;isidor.mentzel55@t-online.de;0656374184
117;2002-02-01;M;Student;2023-02-19;Steve;Trubin;steve.trubin10@web.de;07821 90528
118;2004-05-18;M;Student;2015-08-17;Wojciech;Mohaupt;wojciech.mohaupt48@t-online.de;+49 (0) 5221 057610
119;2000-03-07;M;Ingenieur;2018-07-11;Valerij;Wagenknecht;valerij.wagenknecht56@web.de;+49 (0) 5514 433851
120;1991-10-05;W;Jurist;2018-07-16;Heidelore;Adler;heidelore.adler47@gmail.com;+49(0) 398834557
121;1962-01-16;W;Fahrer;2022-04-04;Damaris;Binner;damaris.binner27@web.de;00574 569541
122;1989-03-20;M;Jurist;2019-01-12;Guido;Heser;guido.heser46@t-online.de;(02236) 314874
123;1950-07-16;W;Jurist;2020-05-11;Semra;Scheuermann;semra.scheuermann80@web.de;+49(0)6837402079
124;1962-11-03;M;Jurist;2022-07-25;Filippo;Graf;filippo.graf21@web.de;0592374828
125;2000-12-03;W;Manager;2016-11-17;Friederike;Seifert;friederike.seifert4@web.de;0606401966
126;1965-10-01;W;Programmierer;2015-08-18;Edeltraud;Römer;edeltraud.römer53@web.de;(09448) 079887
127;1962-10-30;M;Buchhalter;2016-02-28;Karl-Ernst;Schmidtke;karl-ernst.schmidtke90@gmail.com;0576871414
128;1973-12-26;M;Kaufmann;2015-08-04;Gerd;Schomber;gerd.schomber61@web.de;+49(0)3103 095772
129;1951-04-25;W;Elektriker;2019-11-20;Felizitas;Finke;felizitas.finke45@gmx.de;+49(0) 004261743
130;2005-01-01;M;Fahrer;2019-09-26;Philippe;Gutknecht;philippe.gutknecht29@gmail.com;+49(0)2801 180044
131;2002-12-10;M;Programmierer;2015-11-16;Mehdi;Reising;mehdi.reising52@gmx.de;+49 (0) 8958 420997
132;1976-02-06;M;Pfleger;2018-09-11;Janos;Freudenberger;janos.freudenberger99@gmx.de;+49 (0) 7675 095993
133;1996-12-23;D;Fahrer;2015-10-11;Steven;Sorgatz;steven.sorgatz66@outlook.de;02807 91688
134;1955-08-25;D;Lehrer;2015-01-28;Leila;Rogner;leila.rogner43@gmail.com;(06254) 13839
135;1997-09-18;W;Programmierer;2022-06-14;Urszula;Staude;urszula.staude23@t-online.de;+49(0) 662091144
136;1957-03-12;M;Buchhalter;2022-12-01;Marten;Scholl;marten.scholl14@t-online.de;(04214) 586182
137;2001-11-07;W;Buchhalter;2016-11-30;Marita;Kallert;marita.kallert94@gmx.de;+49(0)8148 929307
138;1974-02-09;D;Buchhalter;2023-04-03;Ingrid;Tröst;ingrid.tröst66@gmail.com;(02220) 271131
139;1956-02-09;D;Ingenieur;2022-08-31;Cornelius;Meyer;cornelius.meyer25@gmx.de;+49(0)7472 313488
140;1948-01-31;D;Student;2017-09-21;Bernd;Bender;bernd.bender56@gmail.com;+49 (0) 8632 153997
141;1954-09-24;D;Pfleger;2017-03-23;Edward;Langern;edward.langern88@web.de;+49(0)3556 733755
142;2006-05-29;W;Rentner;2017-01-15;Annita;Pärtzelt;annita.pärtzelt9@gmx.de;01742 149085
143;1945-09-26;W;Manager;2016-06-12;Anneke;Gröttner;anneke.gröttner85@gmail.com;+49 (0) 3530 902014
144;1972-06-20;W;Fahrer;2021-04-04;Nadeshda;Stroh;nadeshda.stroh65@gmx.de;07791778260
145;1954-06-17;W;Manager;2017-04-06;Flora;Barth;flora.barth42@outlook.de;+49(0) 028440916
146;1999-03-14;W;Kaufmann;2020-07-11;Anita;Junken;anita.junken71@web.de;+49(0)9773 75428
147;1945-06-13;W;Fahrer;2016-11-18;Rabea;Gertz;rabea.gertz86@outlook.de;+49(0)8907947431
148;1979-09-15;D;Rentner;2016-11-10;Valentine;Schwital;valentine.schwital23@t-online.de;0681977915
149;2004-04-02;W;Elektriker;2017-10-27;Christiane;Löchel;christiane.löchel52@t-online.de;+49(0)7208 534507
150;1967-01-30;M;Kaufmann;2016-09-24;Karl-Otto;Anders;karl-otto.anders39@gmx.de;03912 92721
151;1981-11-19;W;Fahrer;2017-02-23;Christiana;Kusch;christiana.kusch75@t-online.de;+49(0)8976502094
152;1992-03-14;W;Architekt;2016-04-20;Tatiana;Herrmann;tatiana.herrmann60@outlook.de;+49(0)8747713750
153;1947-02-07;D;Architekt;2016-02-28;Hans-Walter;Hänel;hans-walter.hänel28@t-online.de;+49(0)1481 01407
154;1953-06-29;D;Programmierer;2021-01-06;Adolfine;Hering;adolfine.hering22@gmail.com;02814 05794
155;2007-11-22;D;Pfleger;2023-12-05;Evangelos;Patberg;evangelos.patberg85@t-online.de;02365 66133
156;1968-01-15;M;Fahrer;2019-09-20;Folkert;Schenk;folkert.schenk97@web.de;+49(0)4982318845
157;1951-01-07;W;Arzt;2020-03-17;Ayse;Heinrich;ayse.heinrich29@web.de;+49(0) 022210069
158;1989-12-13;M;Architekt;2020-04-16;Achim;Schleich;achim.schleich6@web.de;09480082800
159;1947-08-13;D;Architekt;2018-03-14;Gerhild;Eimer;gerhild.eimer99@gmail.com;00642 18252
160;1978-07-01;W;Kaufmann;2020-03-31;Frederike;Bähr;frederike.bähr81@t-online.de;02901791609
161;1994-05-29;D;Architekt;2021-07-18;Betina;Karge;betina.karge90@outlook.de;0098193529
162;2003-05-08;W;Fahrer;2023-08-02;Wilhelmine;Spieß;wilhelmine.spieß32@web.de;00254866696
163;1973-09-18;D;Verkäufer;2016-07-07;Hans-Henning;Reichmann;hans-henning.reichmann1@gmail.com;+49(0)7882753312
164;1983-11-25;W;Verkäufer;2023-09-18;Gudula;Sontag;gudula.sontag29@web.de;+49 (0) 9970 680860
165;1963-07-15;D;Ingenieur;2021-03-20;Vanessa;Trüb;vanessa.trüb67@outlook.de;03161 482737
166;1977-02-02;D;Architekt;2017-09-14;Björn;Stoll;björn.stoll32@gmail.com;0279407097
167;2004-09-10;M;Student;2016-03-19;Hans-Martin;Mentzel;hans-martin.mentzel60@t-online.de;00159 435805
168;1967-02-21;D;Rentner;2023-11-19;Gundula;Bien;gundula.bien41@outlook.de;00191 70032
169;1987-08-19;D;Elektriker;2020-01-14;Stilla;Fritsch;stilla.fritsch65@outlook.de;03150 57220
170;1968-01-08;D;Manager;2019-12-24;Claudia;Fischer;claudia.fischer58@web.de;(05136) 935943
171;1996-12-08;W;Verkäufer;2019-04-12;Helen;Heß;helen.heß58@gmx.de;+49(0)5720 42356
172;1960-05-24;M;Verkäufer;2021-01-27;Burkhardt;Naser;burkhardt.naser82@gmx.de;+49(0)8021 91867
173;1961-10-27;D;Programmierer;2015-04-19;Eberhard;Löwer;eberhard.löwer63@web.de;+49 (0) 6418 895361
174;1978-10-09;W;Kaufmann;2019-07-24;Peggy;Hecker;peggy.hecker10@gmx.de;+49(0)8952 56315
175;1992-07-28;W;Jurist;2015-12-19;Viktoria;Niemeier;viktoria.niemeier43@gmx.de;(02024) 05434
176;1975-03-20;D;Arzt;2017-10-25;Nikolai;Bohlander;nikolai.bohlander11@web.de;0103149195
177;1985-09-24;M;Manager;2022-04-02;Leszek;Schaaf;leszek.schaaf50@web.de;+49 (0) 7077 647201
178;1971-01-27;M;Buchhalter;2018-12-05;Stephen;Wagenknecht;stephen.wagenknecht9@outlook.de;+49(0) 633124272
179;1963-05-19;W;Buchhalter;2023-04-03;Fatima;Käster;fatima.käster70@outlook.de;03657 233854
180;1992-09-06;M;Buchhalter;2022-04-13;Björn;Pergande;björn.pergande27@outlook.de;+49(0)2984 05589
181;1999-10-31;D;Elektriker;2020-10-19;Felizitas;Bachmann;felizitas.bachmann90@gmail.com;(04797) 702805
182;1955-06-25;D;Ingenieur;2015-06-17;Irmgard;Nette;irmgard.nette49@outlook.de;+49 (0) 4482 779405
183;1954-07-12;W;Elektriker;2016-01-05;Filiz;Mitschke;filiz.mitschke39@outlook.de;+49(0)0352 714881
184;1950-12-15;W;Verkäufer;2020-08-24;Annemarie;Ullrich;annemarie.ullrich69@t-online.de;09146781483
185;1986-12-21;D;Kaufmann;2016-12-28;Klaudia;Beckmann;klaudia.beckmann29@outlook.de;+49(0)4219 74439
186;1972-10-28;W;Ingenieur;2018-07-05;Sybille;Röhricht;sybille.röhricht56@outlook.de;+49(0)5300 254950
187;1984-01-29;W;Manager;2018-09-08;Lea;Jockel;lea.jockel44@outlook.de;+49(0) 731405666
188;1962-07-30;M;Rentner;2020-07-07;Karl-Georg;Schacht;karl-georg.schacht60@web.de;+49(0)3276290307
189;1998-03-08;D;Rentner;2018-06-23;Gülten;Fröhlich;gülten.fröhlich4@outlook.de;(06074) 041032
190;1955-05-08;D;Lehrer;2018-11-15;Irma;Süßebier;irma.süßebier85@gmail.com;03643 819951
191;1985-10-29;D;Elektriker;2016-06-05;Kati;Wilmsen;kati.wilmsen55@web.de;03357 504988
192;1978-07-29;W;Programmierer;2021-05-05;Hildburg;Fritsch;hildburg.fritsch24@gmail.com;09357 59178
193;1977-07-21;W;Architekt;2018-03-05;Thekla;Beier;thekla.beier42@web.de;+49 (0) 7930 278440
194;1991-10-30;W;Programmierer;2018-07-06;Dorothea;Stiffel;dorothea.stiffel44@outlook.de;+49(0)3285 300791
195;1981-03-03;W;Architekt;2018-11-11;Dana;Tröst;dana.tröst33@gmail.com;04024 62998
196;1948-05-17;M;Ingenieur;2016-11-15;Francisco;Jüttner;francisco.jüttner96@t-online.de;00238 71348
197;1959-02-23;W;Verkäufer;2021-05-07;Waltrud;Trupp;waltrud.trupp29@gmail.com;(00035) 55880
198;1996-05-14;D;Kaufmann;2023-08-25;Etta;Roht;etta.roht6@gmail.com;+49(0)2751 587493
199;1977-07-09;M;Arzt;2017-06-03;Gordon;Krebs;gordon.krebs3@t-online.de;+49(0)7901541105
200;1997-05-12;M;Fahrer;2017-08-27;Christoph;Bohlander;christoph.bohlander17@outlook.de;(07138) 95035
201;1968-04-14;M;Architekt;2017-10-01;Athanasios;Eimer;athanasios.eimer73@web.de;00137 56095
202;1969-05-15;D;Arzt;2016-06-21;Andre;Wilms;andre.wilms33@gmx.de;(09650) 29196
203;1979-07-20;D;Verkäufer;2015-06-27;Susan;Briemer;susan.briemer78@gmail.com;05720741987
204;1974-12-08;M;Rentner;2015-05-23;José;Döhn;josé.döhn40@gmail.com;(00100) 409274
205;1947-10-11;M;Fahrer;2018-09-08;Oscar;Aumann;oscar.aumann40@t-online.de;+49(0)4379573289
206;1961-04-04;W;Lehrer;2016-11-15;Marita;Rose;marita.rose51@web.de;(04902) 91914
207;1970-09-23;D;Lehrer;2017-09-25;Marcel;Briemer;marcel.briemer89@web.de;+49(0) 092451450
208;1970-11-12;D;Elektriker;2022-02-05;Emil;Schwital;emil.schwital99@gmx.de;+49(0)3154464626
209;1958-10-29;D;Verkäufer;2023-09-13;Friedbert;Lübs;friedbert.lübs77@gmail.com;(09098) 45623
210;1992-02-25;D;Student;2015-08-04;Susanne;Schuchhardt;susanne.schuchhardt6@gmx.de;+49(0)8081 48088
211;1950-02-09;W;Lehrer;2017-07-15;Luka;Mülichen;luka.mülichen85@gmx.de;+49 (0) 6575 452540
212;1971-06-09;D;Ingenieur;2018-10-17;Mona;Nette;mona.nette83@gmx.de;(02521) 22034
213;1999-02-01;W;Buchhalter;2019-06-20;Sylke;Stiebitz;sylke.stiebitz63@gmail.com;0645231702
214;1971-02-26;W;Manager;2017-01-27;Ulla;Klotz;ulla.klotz82@outlook.de;+49(0)5785028767
215;1956-01-03;M;Manager;2018-09-08;Fritz;Mielcarek;fritz.mielcarek56@web.de;01499 444699
216;2005-03-14;D;Rentner;2017-12-04;Irmtraut;Hamann;irmtraut.hamann84@gmx.de;06222335016
217;1999-05-15;D;Buchhalter;2015-01-18;Conny;Tschentscher;conny.tschentscher62@outlook.de;(03847) 508984
218;1996-06-02;D;Pfleger;2022-12-02;Annelise;Möchlichen;annelise.möchlichen76@gmx.de;+49(0)8682721944
219;1996-07-17;M;Jurist;2016-06-26;Victor;Binner;victor.binner12@gmx.de;+49(0)6815 25661
220;1961-09-28;W;Rentner;2022-11-08;Kunigunde;Bien;kunigunde.bien32@outlook.de;+49(0) 085298903
221;1978-01-10;D;Pfleger;2023-02-23;Woldemar;Junck;woldemar.junck86@outlook.de;(05401) 347932
222;1950-09-10;M;Arzt;2019-06-23;August;Steckel;august.steckel64@gmx.de;+49(0)7386 234017
223;2001-12-25;W;Verkäufer;2017-09-09;Katerina;Gute;katerina.gute28@gmx.de;(08762) 52229
224;1992-12-26;W;Jurist;2019-02-08;Danica;Scholl;danica.scholl44@gmx.de;+49(0)9686 159927
225;2007-06-17;D;Student;2020-10-27;Marian;Peukert;marian.peukert90@gmx.de;+49(0) 648636667
226;1957-02-18;M;Lehrer;2022-09-03;Alfons;Martin;alfons.martin67@web.de;(06293) 339280
227;1960-11-01;M;Architekt;2023-06-10;Ingbert;Liebelt;ingbert.liebelt93@outlook.de;+49(0)8176 774666
228;1999-01-05;D;Manager;2019-12-15;Jana;Bonbach;jana.bonbach98@web.de;+49(0)6676063468
229;1965-01-05;W;Architekt;2022-09-11;Edeltraud;Fiebig;edeltraud.fiebig83@outlook.de;04323 00001
230;1986-10-17;M;Kaufmann;2019-01-02;Ercan;Dussen van;ercan.dussen van12@gmx.de;06906074345
231;1951-12-17;W;Programmierer;2019-10-11;Hildegund;Radisch;hildegund.radisch89@web.de;(08231) 66500
232;1973-07-17;D;Architekt;2016-12-26;Gisbert;Scheel;gisbert.scheel75@gmx.de;+49(0)5664 603117
233;1958-02-15;D;Buchhalter;2022-05-17;Jurij;Ditschlerin;jurij.ditschlerin68@gmx.de;+49(0)3518156463
234;1970-01-14;D;Pfleger;2017-03-30;Jolanda;Kohl;jolanda.kohl71@gmx.de;(04161) 542993
235;2006-11-16;D;Programmierer;2023-11-25;Tim;Wilms;tim.wilms59@gmx.de;(08366) 11176
236;1999-05-25;W;Manager;2020-12-01;Cäcilie;Wiek;cäcilie.wiek30@gmail.com;+49(0)0058 280192
237;1966-01-19;M;Manager;2016-07-10;Justus;Buchholz;justus.buchholz41@gmail.com;02573 489305
238;1972-01-14;D;Kaufmann;2021-04-14;Milka;Hettner;milka.hettner98@web.de;+49(0) 622152582
239;1968-01-09;M;Programmierer;2021-09-05;Hans-Uwe;Drewes;hans-uwe.drewes95@outlook.de;03632 565996
240;1978-04-15;D;Rentner;2023-09-25;Janett;Heinz;janett.heinz76@t-online.de;+49(0)0548 58674
241;1989-09-16;W;Programmierer;2019-03-18;Ernestine;Köster;ernestine.köster13@web.de;+49(0) 113207122
242;2004-07-05;M;Programmierer;2020-05-08;Mehmet;Löchel;mehmet.löchel47@web.de;0394670251
243;2006-02-07;M;Arzt;2020-12-06;Geert;Rose;geert.rose91@t-online.de;(01379) 77183
244;1958-02-03;W;Student;2020-04-27;Liliana;Jockel;liliana.jockel6@gmail.com;+49(0) 005082925
245;1987-03-12;W;Fahrer;2015-05-06;Wibke;auch Schlauchin;wibke.auch schlauchin90@web.de;0936573652
246;1963-10-09;W;Rentner;2021-07-06;Ruth;Freudenberger;ruth.freudenberger14@gmail.com;+49(0)3055 754844
247;1952-05-22;W;Architekt;2022-05-03;Urte;Hermighausen;urte.hermighausen61@outlook.de;+49(0)7036 291063
248;2004-03-07;W;Programmierer;2016-07-12;Dörthe;Schleich;dörthe.schleich24@gmail.com;06494363569
249;1975-08-24;W;Buchhalter;2020-04-13;Leni;Gnatz;leni.gnatz15@gmail.com;+49(0)8968 50974
250;1992-05-14;W;Fahrer;2022-11-11;Mia;Neureuther;mia.neureuther10@t-online.de;+49 (0) 8613 495918
251;1989-09-02;D;Arzt;2023-02-09;Ilija;Otto;ilija.otto7@web.de;(05695) 24078
252;2001-07-13;D;Kaufmann;2020-04-09;Emilia;Adolph;emilia.adolph39@gmail.com;+49(0)2698 221765
253;2000-10-09;M;Rentner;2023-04-04;Mirko;Trommler;mirko.trommler72@outlook.de;+49(0) 212271576
254;1961-02-04;D;Verkäufer;2016-08-16;Gottfried;Juncken;gottfried.juncken80@web.de;00262188316
255;1967-12-22;D;Jurist;2022-10-12;Karla;Stiebitz;karla.stiebitz49@outlook.de;+49 (0) 8389 854599
256;1995-04-18;W;Buchhalter;2022-03-16;Nelly;Stroh;nelly.stroh39@t-online.de;+49(0) 703905909
257;1983-03-09;W;Ingenieur;2016-05-27;Friedlinde;Ernst;friedlinde.ernst73@t-online.de;+49 (0) 9497 748553
258;1985-07-24;D;Verkäufer;2021-02-18;Zlatko;Ruppert;zlatko.ruppert95@gmail.com;(01016) 94113
259;1999-08-26;M;Programmierer;2019-04-26;Hanni;Jopich;hanni.jopich81@web.de;+49(0) 312566746
260;1989-03-11;D;Kaufmann;2019-11-26;Felizitas;Reising;felizitas.reising11@web.de;00767061931
261;1967-06-12;M;Arzt;2021-03-05;Karl-Josef;Scholz;karl-josef.scholz71@gmail.com;(04817) 78281
262;1966-07-15;M;Manager;2021-12-15;Abbas;Mude;abbas.mude53@outlook.de;04179609247
263;1987-08-20;D;Ingenieur;2023-02-21;Lidija;Löchel;lidija.löchel61@gmx.de;+49(0)3721 39904
264;2008-05-25;M;Manager;2020-03-26;Karl-Heinrich;Aumann;karl-heinrich.aumann37@gmx.de;+49(0)1995779221
265;1950-07-10;W;Jurist;2017-03-03;Semra;Matthäi;semra.matthäi10@web.de;+49(0)1284 535624
266;1956-08-26;W;Fahrer;2020-08-20;Simone;Thies;simone.thies81@t-online.de;(00061) 91491
267;1989-04-04;M;Student;2019-05-05;Celal;Schönland;celal.schönland55@gmail.com;(01044) 184633
268;1996-09-06;M;Jurist;2023-07-23;Harm;Rogner;harm.rogner83@web.de;+49(0) 316475000
269;1963-12-24;W;Ingenieur;2019-05-07;Lia;Jessel;lia.jessel19@gmail.com;+49(0)6712499711
270;2005-02-10;M;Manager;2023-06-01;Hans-Theo;Grein Groth;hans-theo.grein groth40@t-online.de;(08092) 036896
271;1974-06-28;D;Lehrer;2021-08-18;Valeria;Christoph;valeria.christoph37@outlook.de;(04060) 04152
272;1966-04-22;W;Manager;2018-02-09;Gloria;Hiller;gloria.hiller89@gmx.de;(00534) 886263
273;1975-04-21;W;Student;2023-02-18;Selma;Kramer;selma.kramer35@t-online.de;+49(0)3120 66605
274;1996-04-20;W;Rentner;2021-10-25;Galina;Hecker;galina.hecker57@gmail.com;+49(0)4508 290652
275;1966-03-21;M;Rentner;2017-06-22;Stanislaus;Gieß;stanislaus.gieß56@gmx.de;0099668417
276;1976-05-19;W;Kaufmann;2019-10-25;Inken;Döhn;inken.döhn4@gmail.com;+49 (0) 5971 208340
277;1983-08-08;D;Ingenieur;2023-07-12;Hatice;Adler;hatice.adler74@t-online.de;(00561) 41471
278;1981-10-24;D;Ingenieur;2018-05-18;Uschi;Kranz;uschi.kranz35@t-online.de;02446 891071
279;1994-06-13;M;Fahrer;2015-01-28;Constantin;Höfig;constantin.höfig61@t-online.de;+49(0)7099790258
280;1980-08-09;W;Rentner;2017-08-22;Liesel;Zimmer;liesel.zimmer36@web.de;0272543562
281;1967-09-17;W;Lehrer;2022-11-04;Grit;Hübel;grit.hübel82@outlook.de;+49(0)0747409476
282;1959-05-16;W;Pfleger;2020-12-27;Isa;Lindner;isa.lindner45@outlook.de;+49 (0) 2700 164317
283;1988-09-09;W;Elektriker;2018-01-24;Magda;Mies;magda.mies86@gmail.com;0956829656
284;1963-04-08;M;Manager;2021-10-01;Ronny;Lachmann;ronny.lachmann43@outlook.de;03729690133
285;1987-01-19;W;Elektriker;2016-02-17;Gunda;Linke;gunda.linke37@outlook.de;07583 109960
286;1971-11-13;D;Lehrer;2020-06-29;Ortrun;Salz;ortrun.salz5@outlook.de;+49(0) 514891310
287;1973-03-02;W;Lehrer;2022-09-15;Ludmila;Conradi;ludmila.conradi33@gmx.de;+49(0) 317696442
288;1985-10-11;W;Fahrer;2017-01-15;Walburga;Peukert;walburga.peukert66@gmail.com;05336025230
289;1998-08-05;D;Ingenieur;2015-09-16;Rudolph;Pärtzelt;rudolph.pärtzelt60@outlook.de;+49(0)5078826550
290;1962-08-14;M;Rentner;2015-09-29;Heinz Dieter;Adler;heinz dieter.adler67@gmx.de;(05023) 305105
291;1959-07-25;W;Verkäufer;2015-05-24;Heidrun;Martin;heidrun.martin81@outlook.de;+49(0)8032 63924
292;1986-03-20;M;Student;2022-01-07;Karl-Otto;Adolph;karl-otto.adolph27@gmx.de;(07204) 487605
293;1991-07-20;M;Jurist;2017-11-07;Ekkehart;Weitzel;ekkehart.weitzel37@outlook.de;+49(0) 323216702
294;2002-07-07;D;Ingenieur;2021-03-26;Mirjam;Koch;mirjam.koch63@gmail.com;+49(0)3859 352303
295;1976-10-20;D;Manager;2021-08-27;Mariola;Trüb;mariola.trüb78@web.de;0425420900
296;1996-06-22;M;Ingenieur;2015-08-15;Wulf;Heuser;wulf.heuser40@t-online.de;01553 215507
297;1992-05-23;D;Kaufmann;2020-02-07;Viviane;Häring;viviane.häring53@gmail.com;(06931) 41085
298;1981-01-07;M;Fahrer;2021-01-16;Ricardo;Holsten;ricardo.holsten60@gmail.com;01177 79992
299;1962-09-08;M;Student;2021-01-23;Heinz-Willi;Beyer;heinz-willi.beyer64@gmx.de;+49(0)0684 77411
300;1994-01-24;D;Elektriker;2021-01-14;Kata;Rädel;kata.rädel35@outlook.de;(05232) 721100
301;1975-12-30;W;Architekt;2023-09-11;Katharine;Vollbrecht;katharine.vollbrecht61@web.de;02931 528848
302;1962-05-29;D;Kaufmann;2018-02-20;Dirk;Biggen;dirk.biggen19@outlook.de;+49(0) 425944836
303;1995-02-01;D;Elektriker;2019-07-22;Rabea;Jäkel;rabea.jäkel66@web.de;02951 274461
304;1955-01-20;M;Pfleger;2023-06-12;Brian;Speer;brian.speer36@outlook.de;+49 (0) 2624 648872
305;1961-07-01;D;Programmierer;2020-09-05;Pirmin;Gutknecht;pirmin.gutknecht35@gmail.com;+49(0)2193 30824
306;2002-02-24;D;Rentner;2021-05-21;Karl-Werner;Trupp;karl-werner.trupp39@t-online.de;09858753520
307;1986-01-30;D;Architekt;2018-01-23;Angelina;Graf;angelina.graf63@web.de;+49(0)5637452651
308;1996-11-29;D;Pfleger;2016-03-15;Elenore;Hesse;elenore.hesse62@gmx.de;02181 74224
309;1969-08-11;D;Buchhalter;2016-03-19;Hans;Lachmann;hans.lachmann98@t-online.de;0617119056
310;1969-07-13;W;Manager;2018-07-10;Miriam;Löwer;miriam.löwer42@web.de;06063402419
311;1985-02-04;M;Kaufmann;2017-10-15;Oliver;Wiek;oliver.wiek74@outlook.de;00372 11719
312;2007-02-17;W;Manager;2020-08-12;Dunja;Hänel;dunja.hänel6@gmx.de;+49 (0) 4082 318115
313;1969-10-05;W;Buchhalter;2015-10-14;Annegret;Jäkel;annegret.jäkel91@outlook.de;+49 (0) 1909 695796
314;2000-04-08;D;Architekt;2018-08-20;Ottmar;Huhn;ottmar.huhn84@web.de;0155878962
315;1962-02-21;M;Rentner;2023-07-26;Gunnar;Atzler;gunnar.atzler17@t-online.de;+49 (0) 7690 063709
316;1997-04-25;W;Lehrer;2019-12-04;Annelie;Fritsch;annelie.fritsch13@outlook.de;+49(0) 129256531
317;1985-11-21;D;Manager;2021-07-16;Dominic;Bohlander;dominic.bohlander59@gmail.com;+49(0)0421 80512
318;2002-07-20;M;Lehrer;2015-04-26;Manuel;Werner;manuel.werner53@web.de;07737 29596
319;1993-08-02;W;Rentner;2023-04-03;Annegret;Steuer;annegret.steuer34@gmx.de;09593 44957
320;1971-11-18;D;Elektriker;2021-08-18;Beatrice;Trub;beatrice.trub51@gmail.com;06603725136
321;1957-02-21;W;Buchhalter;2016-08-22;Ruthild;Kade;ruthild.kade87@t-online.de;0562442548
322;2002-10-08;W;Elektriker;2022-06-21;Kristin;Scheuermann;kristin.scheuermann81@outlook.de;(05055) 868170
323;1999-06-22;D;Lehrer;2020-08-28;Herrmann;Becker;herrmann.becker5@t-online.de;02882 585136
324;2002-07-25;M;Kaufmann;2020-08-10;Kenneth;Geisel;kenneth.geisel81@gmx.de;01317 62854
325;1982-04-18;D;Lehrer;2020-07-27;Constantin;Adler;constantin.adler12@outlook.de;0094749206
326;2005-10-25;D;Architekt;2019-06-22;Helma;Hahn;helma.hahn91@gmail.com;(07316) 014186
327;2002-05-05;M;Jurist;2019-11-10;Jozef;Sölzer;jozef.sölzer89@gmx.de;00896 78800
328;1987-06-01;M;Verkäufer;2023-10-15;Sergio;Ernst;sergio.ernst6@gmx.de;(03872) 85536
329;1989-12-29;M;Pfleger;2017-02-04;Laurenz;Austermühle;laurenz.austermühle38@gmx.de;00312806207
330;2005-07-06;W;Student;2019-12-26;Friedhilde;Wiek;friedhilde.wiek19@web.de;08953 65484
331;2000-04-10;W;Arzt;2022-12-11;Siegrun;Müller;siegrun.müller73@web.de;+49(0) 801261437
332;2005-08-20;M;Elektriker;2019-10-05;Timm;Sölzer;timm.sölzer11@t-online.de;05363 322177
333;1980-08-05;W;Architekt;2022-10-22;Sibille;Scheibe;sibille.scheibe80@web.de;+49(0)6922 495027
334;1994-04-05;D;Architekt;2015-02-03;Anneke;Wiek;anneke.wiek19@web.de;(01320) 853991
335;1987-04-02;D;Programmierer;2015-03-14;Hans-Georg;Paffrath;hans-georg.paffrath33@outlook.de;05793 94855
336;1996-09-30;D;Jurist;2017-12-19;Bogdan;Ackermann;bogdan.ackermann2@outlook.de;(05936) 34993
337;1959-06-17;W;Arzt;2016-05-22;Nermin;Hornich;nermin.hornich87@t-online.de;(04755) 568930
338;1969-04-10;M;Rentner;2017-05-16;Diethard;Döhn;diethard.döhn57@gmx.de;+49(0)4715 30051
339;1980-05-02;W;Manager;2021-03-16;Elly;Hethur;elly.hethur82@outlook.de;03160 59005
340;1989-04-10;W;Kaufmann;2019-01-25;Ernestine;Schmiedt;ernestine.schmiedt59@gmx.de;(01630) 92980
341;1972-02-20;W;Kaufmann;2017-05-02;Henny;Hertrampf;henny.hertrampf62@gmail.com;0005707999
342;1998-08-23;W;Rentner;2022-10-06;Brit;Fiebig;brit.fiebig74@gmx.de;+49(0) 351099313
343;1971-06-20;W;Ingenieur;2022-04-04;Carla;Ritter;carla.ritter90@gmx.de;+49(0)4722125894
344;1968-08-16;D;Ingenieur;2020-02-01;Greta;Keudel;greta.keudel51@gmx.de;(09802) 05383
345;1954-10-14;D;Jurist;2023-12-10;Annelise;Metz;annelise.metz88@gmail.com;+49(0) 170543269
346;1964-10-30;D;Elektriker;2019-03-02;George;Köster;george.köster96@outlook.de;+49(0)6911009581
347;2005-08-24;W;Verkäufer;2018-04-23;Aneta;Hethur;aneta.hethur30@t-online.de;(08881) 28170
348;1992-07-12;W;Rentner;2022-09-11;Walburga;Gutknecht;walburga.gutknecht29@web.de;+49 (0) 0127 708244
349;1952-08-18;W;Fahrer;2023-06-15;Emma;Losekann;emma.losekann87@web.de;05744602303
350;1949-03-16;M;Programmierer;2023-03-20;William;Köster;william.köster81@gmail.com;(01424) 85963
351;1992-07-11;W;Pfleger;2022-07-29;Paola;Hettner;paola.hettner5@t-online.de;08444 64625
352;1989-10-10;D;Jurist;2022-10-27;Peter;Gertz;peter.gertz17@gmail.com;+49(0)8571 740947
353;2008-04-15;W;Arzt;2019-03-26;Heidemarie;Röhrdanz;heidemarie.röhrdanz42@outlook.de;(04743) 17860
354;1957-07-18;M;Jurist;2015-01-14;Silvio;Reichmann;silvio.reichmann17@t-online.de;0503261505
355;1962-08-02;W;Jurist;2021-02-09;Renate;Oestrovsky;renate.oestrovsky68@t-online.de;03495 851072
356;1977-08-25;W;Jurist;2019-09-25;Adele;Lindner;adele.lindner22@gmx.de;+49(0)6605 48375
357;1963-09-12;W;Verkäufer;2017-11-12;Gesche;Löchel;gesche.löchel38@gmx.de;+49(0)9475 20629
358;2002-05-17;M;Arzt;2022-02-27;Carlos;Stroh;carlos.stroh60@gmail.com;+49 (0) 6935 965707
359;1971-01-25;M;Elektriker;2021-08-04;Roy;Seip;roy.seip87@outlook.de;+49(0)9184 38910
360;2003-05-22;D;Verkäufer;2018-11-29;Gönül;Schomber;gönül.schomber47@gmail.com;0902974237
361;2007-12-22;W;Student;2016-06-20;Adolfine;Schlosser;adolfine.schlosser2@gmx.de;+49 (0) 2131 879328
362;1964-07-09;M;Fahrer;2022-12-27;Hans-Karl;Hertrampf;hans-karl.hertrampf59@gmx.de;+49(0)4062 97767
363;1980-05-08;D;Rentner;2020-06-20;Silva;Briemer;silva.briemer87@gmx.de;(04306) 263205
364;1998-05-16;W;Lehrer;2017-05-18;Norma;Zahn;norma.zahn82@gmx.de;09707048708
365;1976-08-22;D;Ingenieur;2017-01-16;Ulrike;Metz;ulrike.metz30@outlook.de;+49(0) 962859867
366;1988-10-11;D;Jurist;2016-01-25;Selma;Kranz;selma.kranz72@gmx.de;(03254) 70737
367;1996-02-06;D;Fahrer;2018-12-06;Joana;Jähn;joana.jähn29@gmail.com;+49 (0) 5792 729873
368;1979-08-21;W;Fahrer;2017-11-05;Rosina;Striebitz;rosina.striebitz90@gmx.de;03805106890
369;1952-06-19;W;Ingenieur;2020-08-30;Constanze;Wilms;constanze.wilms15@web.de;01212 84980
370;1976-01-12;M;Lehrer;2019-07-23;Meinrad;Söding;meinrad.söding39@outlook.de;(03688) 384462
371;2005-07-03;M;Arzt;2015-03-08;Willibald;Salz;willibald.salz31@t-online.de;(05512) 43506
372;2004-03-15;W;Fahrer;2020-07-23;Sibel;Weimer;sibel.weimer59@gmx.de;+49 (0) 6987 323157
373;1980-06-30;D;Buchhalter;2020-04-17;Jozef;Kitzmann;jozef.kitzmann90@t-online.de;(08113) 514876
374;2001-06-07;D;Jurist;2017-08-02;Gunter;Schmiedt;gunter.schmiedt96@web.de;+49(0)8033 03449
375;2007-05-08;W;Elektriker;2020-02-18;Anneli;Baum;anneli.baum84@gmail.com;05704 49563
376;1979-02-02;W;Programmierer;2023-01-15;Centa;Ring;centa.ring79@outlook.de;+49(0)7463 65845
377;1969-08-22;M;Kaufmann;2015-12-12;Tomas;Bärer;tomas.bärer89@gmx.de;0754096103
378;1982-04-29;W;Elektriker;2022-04-20;Stefani;Tlustek;stefani.tlustek57@web.de;02666633891
379;1993-01-16;W;Student;2016-03-03;Gerlinde;Paffrath;gerlinde.paffrath13@gmx.de;+49(0)4135 16158
380;1999-02-18;D;Buchhalter;2015-03-20;Marion;Misicher;marion.misicher46@gmail.com;00750 50636
381;1967-04-12;W;Elektriker;2023-01-19;Mandy;Matthäi;mandy.matthäi25@gmail.com;+49(0)4247 343189
382;1995-01-28;W;Fahrer;2021-05-13;Yvonne;Henschel;yvonne.henschel12@web.de;+49(0)6584 450698
383;1996-09-24;D;Ingenieur;2021-01-14;Wera;Warmer;wera.warmer77@gmail.com;+49(0) 863753097
384;1961-02-07;W;Verkäufer;2017-12-10;Ekaterina;Heinz;ekaterina.heinz32@web.de;0977063189
385;2006-11-06;D;Elektriker;2019-03-09;Wolf-Dieter;Hertrampf;wolf-dieter.hertrampf27@gmail.com;+49(0)7468526075
386;1964-12-05;D;Kaufmann;2016-09-06;Erdal;Ziegert;erdal.ziegert27@t-online.de;+49(0)4903 252588
387;1994-03-05;M;Verkäufer;2019-06-08;Sigismund;Haering;sigismund.haering43@web.de;+49(0)3713 194619
388;1946-08-25;D;Elektriker;2022-07-31;Imre;Koch;imre.koch1@gmx.de;(05771) 86773
389;1984-04-20;M;Programmierer;2016-01-02;Aloys;Gunpf;aloys.gunpf17@t-online.de;+49 (0) 2517 135842
390;2007-11-17;M;Arzt;2016-04-18;Gereon;Oestrovsky;gereon.oestrovsky15@gmail.com;+49 (0) 5389 066783
391;1984-06-29;M;Rentner;2020-05-05;Hansjörg;Fischer;hansjörg.fischer46@web.de;(09105) 11390
392;1973-06-26;W;Programmierer;2022-11-21;Susana;Kohl;susana.kohl3@web.de;04518 451392
393;1970-09-27;M;Student;2018-01-08;Anto;Schuster;anto.schuster17@outlook.de;(07726) 179177
394;1947-04-28;M;Architekt;2021-08-24;Zbigniew;Drubin;zbigniew.drubin96@gmail.com;+49(0)7568 276961
395;1972-06-21;W;Rentner;2017-09-06;Gaby;Kranz;gaby.kranz47@t-online.de;+49(0) 339979981
396;1956-01-22;M;Kaufmann;2023-04-21;Gero;Pruschke;gero.pruschke58@t-online.de;0890215569
397;1958-08-20;D;Programmierer;2021-04-24;Mechthilde;Naser;mechthilde.naser6@t-online.de;07832550505
398;2004-03-10;W;Ingenieur;2023-01-10;Caterina;Wagner;caterina.wagner83@gmail.com;+49 (0) 7724 906765
399;2003-01-07;W;Fahrer;2021-07-17;Liesa;Anders;liesa.anders52@outlook.de;+49(0)5865958360
400;1966-06-17;M;Lehrer;2017-04-22;Cemil;Rogge;cemil.rogge63@outlook.de;0321392453
401;1963-10-31;M;Arzt;2016-12-03;Krzysztof;Spieß;krzysztof.spieß42@t-online.de;+49(0)0408162456
402;1980-01-06;M;Rentner;2017-09-13;Goran;Pohl;goran.pohl17@gmx.de;06770063289
403;1968-07-31;D;Manager;2022-09-30;Dora;Winkler;dora.winkler75@t-online.de;+49 (0) 1197 157502
404;1971-05-21;W;Student;2016-11-27;Beate;Hentschel;beate.hentschel49@t-online.de;+49(0)2967164974
405;2003-05-25;W;Rentner;2015-05-08;Cäcilia;Zorbach;cäcilia.zorbach59@t-online.de;07185 86959
406;2003-12-21;W;Elektriker;2021-08-15;Harriet;Geißler;harriet.geißler13@gmail.com;(08392) 095956
407;1996-03-15;D;Manager;2021-03-24;Alexa;Schaaf;alexa.schaaf84@t-online.de;01324 806396
408;1977-04-01;M;Jurist;2021-03-03;Ramon;Adolph;ramon.adolph56@outlook.de;+49 (0) 4151 845793
409;1959-07-01;M;Elektriker;2017-04-02;Erich;Seidel;erich.seidel53@gmx.de;+49(0)8845 354852
410;1946-06-02;W;Manager;2015-03-02;Renate;Süßebier;renate.süßebier52@outlook.de;0500490290
411;1991-02-25;M;Pfleger;2023-12-21;Guntram;Neureuther;guntram.neureuther41@outlook.de;+49(0)1872 495951
412;1999-07-30;D;Arzt;2016-08-13;Steffen;Kusch;steffen.kusch33@gmx.de;(02438) 341659
413;1981-01-05;D;Lehrer;2021-02-25;Lieschen;Bauer;lieschen.bauer61@gmail.com;0456949284
414;1996-02-03;M;Lehrer;2023-04-11;Hans-Eberhard;Franke;hans-eberhard.franke12@outlook.de;+49(0)4171 931560
415;1997-05-30;D;Verkäufer;2019-03-09;Aloisia;Gerlach;aloisia.gerlach95@gmx.de;06220 944674
416;2000-09-06;M;Rentner;2018-05-23;Gotthard;Misicher;gotthard.misicher72@gmail.com;+49(0)9912135750
417;1989-07-18;D;Fahrer;2020-03-27;Svea;Loos;svea.loos72@gmx.de;05317 54543
418;1969-07-24;M;Elektriker;2022-11-19;Yusuf;Faust;yusuf.faust53@gmx.de;+49(0)4863161311
419;1949-01-31;D;Elektriker;2020-01-03;Helena;Etzler;helena.etzler97@outlook.de;0749353129
420;1958-06-21;D;Rentner;2022-06-06;Jacob;Klapp;jacob.klapp7@gmx.de;(00766) 233814
421;1987-03-27;W;Rentner;2022-09-02;Margareta;Trupp;margareta.trupp46@gmail.com;08316 03911
422;1952-12-13;D;Fahrer;2019-09-02;Gabi;Junk;gabi.junk28@web.de;(03169) 992430
423;1974-12-31;W;Pfleger;2022-11-07;Auguste;Grein Groth;auguste.grein groth29@gmail.com;+49 (0) 7447 488617
424;2002-05-19;D;Verkäufer;2018-09-12;Eduard;Sontag;eduard.sontag48@gmail.com;07701286117
425;1991-02-28;W;Verkäufer;2021-03-11;Marta;Henschel;marta.henschel74@web.de;0316676700
426;1950-04-23;W;Rentner;2021-06-20;Frieda;Mühle;frieda.mühle72@t-online.de;01281140986
427;1963-09-01;D;Ingenieur;2017-11-06;Dimitrios;Hörle;dimitrios.hörle83@t-online.de;(03804) 85193
428;2007-10-15;D;Ingenieur;2019-09-01;Elif;Stoll;elif.stoll85@gmx.de;04288173873
429;1990-09-03;M;Jurist;2019-01-18;Salih;Rädel;salih.rädel35@gmx.de;05771205716
430;1977-04-19;W;Arzt;2015-11-24;Roswitha;Hübel;roswitha.hübel45@gmail.com;+49(0)5488969142
431;2000-01-27;M;Lehrer;2022-11-27;Hanspeter;Scholz;hanspeter.scholz73@outlook.de;+49(0) 642512560
432;1949-04-27;M;Lehrer;2018-11-13;Saban;Weimer;saban.weimer95@gmail.com;+49(0)3637170171
433;1998-04-22;D;Buchhalter;2017-07-02;Gertraude;Schottin;gertraude.schottin68@web.de;(06367) 73935
434;1995-01-10;W;Arzt;2018-12-05;Stefani;auch Schlauchin;stefani.auch schlauchin59@gmx.de;04088 157744
435;1955-10-03;W;Verkäufer;2018-12-31;Gertrude;Davids;gertrude.davids40@gmx.de;+49(0)6855178276
436;1982-12-27;D;Jurist;2019-02-12;Annelise;Wende;annelise.wende77@gmail.com;(05139) 32207
437;1978-01-25;M;Verkäufer;2020-02-03;Ulrich;Scheibe;ulrich.scheibe20@web.de;+49(0)3419 056443
438;1973-08-19;D;Programmierer;2020-03-25;Anette;Hesse;anette.hesse7@gmail.com;00345966285
439;1990-03-19;W;Architekt;2023-02-22;Käthe;Heidrich;käthe.heidrich85@outlook.de;+49(0)7639 795503
440;1998-06-20;D;Programmierer;2018-07-27;Dennis;Reising;dennis.reising57@outlook.de;(09845) 64169
441;2004-04-05;M;Lehrer;2021-04-10;Massimo;Oderwald;massimo.oderwald97@t-online.de;+49(0)0727157256
442;1953-04-27;W;Programmierer;2020-07-14;Georgia;Klingelhöfer;georgia.klingelhöfer56@gmail.com;+49 (0) 0708 919130
443;1958-12-07;D;Architekt;2020-02-16;Melitta;Klotz;melitta.klotz87@t-online.de;04830437225
444;2004-12-10;D;Ingenieur;2017-05-07;Stanislaus;Austermühle;stanislaus.austermühle86@gmx.de;0403077201
445;1994-02-13;M;Ingenieur;2017-05-06;Joseph;Hänel;joseph.hänel51@t-online.de;04950 390407
446;1960-02-20;M;Kaufmann;2015-12-05;Tim;Weinhage;tim.weinhage27@gmx.de;(00226) 339475
447;1970-07-31;M;Programmierer;2023-07-14;Frieder;Säuberlich;frieder.säuberlich98@gmx.de;+49(0)1865 05023
448;1961-06-29;W;Architekt;2015-02-20;Birgitt;Matthäi;birgitt.matthäi16@gmail.com;(04825) 329170
449;1995-01-06;D;Arzt;2018-03-01;Laila;Hermighausen;laila.hermighausen56@web.de;(08082) 478938
450;1995-09-19;W;Student;2015-03-26;Christa-Maria;Schlosser;christa-maria.schlosser69@web.de;0092778917
451;1985-09-09;D;Lehrer;2017-08-24;Marie-Theres;Hesse;marie-theres.hesse86@gmx.de;+49(0)0901 479110
452;2002-06-28;W;Buchhalter;2022-01-09;Alina;Hein;alina.hein95@gmail.com;09276 17107
453;1997-11-28;M;Elektriker;2020-12-14;Marcel;Schwital;marcel.schwital59@gmail.com;00242 09240
454;1983-11-16;W;Rentner;2023-04-03;Stephanie;Hauffer;stephanie.hauffer74@outlook.de;03280 54904
455;1956-05-10;W;Programmierer;2022-03-17;Herlinde;Ditschlerin;herlinde.ditschlerin91@outlook.de;09545010133
456;1953-09-28;M;Pfleger;2016-08-04;Dan;Henk;dan.henk52@gmail.com;+49(0)7960 288340
457;2005-08-29;M;Elektriker;2016-12-01;Karl-Peter;Beer;karl-peter.beer80@outlook.de;+49(0)8347 47347
458;1986-07-11;D;Buchhalter;2015-05-19;Hans-Friedrich;Mude;hans-friedrich.mude47@gmail.com;09006 648816
459;1981-09-03;M;Rentner;2021-07-25;Ekkehard;Steinberg;ekkehard.steinberg32@outlook.de;03201 359935
460;1951-09-17;W;Buchhalter;2021-10-11;Magret;Jäkel;magret.jäkel68@gmail.com;+49(0)2059 034998
461;1993-07-30;W;Kaufmann;2021-05-07;Clara;Hesse;clara.hesse96@gmx.de;09241996601
462;1984-02-28;W;Student;2018-03-07;Katja;Gunpf;katja.gunpf22@gmail.com;(00342) 55145
463;1945-09-18;D;Student;2016-06-05;Albertine;Eigenwillig;albertine.eigenwillig15@t-online.de;00835 57637
464;1952-06-06;M;Manager;2022-10-05;Heinz;Kabus;heinz.kabus45@gmx.de;(05494) 84015
465;1980-04-27;D;Lehrer;2019-01-26;Helmut;Lindau;helmut.lindau19@web.de;+49(0) 559806097
466;1964-06-22;M;Arzt;2021-12-30;Tony;Thanel;tony.thanel33@web.de;+49 (0) 9755 106848
467;1969-06-18;D;Arzt;2018-07-09;Siglinde;Hörle;siglinde.hörle20@gmail.com;+49(0)7208 60499
468;1994-07-30;D;Verkäufer;2023-11-09;Rigo;Ditschlerin;rigo.ditschlerin64@outlook.de;+49(0)3824 649469
469;1995-06-27;D;Architekt;2023-12-18;Ioannis;Mentzel;ioannis.mentzel98@t-online.de;01211 059139
470;2006-12-11;D;Pfleger;2020-05-18;Lucia;van der Dussen;lucia.van der dussen73@t-online.de;(01114) 522124
471;1954-03-01;D;Architekt;2020-05-30;Dorothee;Franke;dorothee.franke41@web.de;(08644) 672299
472;1964-12-15;M;Fahrer;2016-01-11;Detlef;Heser;detlef.heser61@outlook.de;+49(0)0801576292
473;1945-11-01;W;Ingenieur;2023-04-16;Liliana;Scholz;liliana.scholz36@t-online.de;+49(0)0435 79467
474;1970-03-13;W;Programmierer;2017-11-22;Theda;Naser;theda.naser65@gmail.com;+49(0)2320 93239
475;1994-06-02;W;Ingenieur;2019-01-15;Janin;Matthäi;janin.matthäi58@gmail.com;+49 (0) 9696 830557
476;1995-07-02;W;Fahrer;2022-07-24;Reinhild;auch Schlauchin;reinhild.auch schlauchin37@gmail.com;06149900843
477;1959-03-28;M;Student;2015-12-31;Ewald;Wirth;ewald.wirth79@t-online.de;+49 (0) 1502 687930
478;1951-12-10;W;Student;2023-12-20;Karolin;Reichmann;karolin.reichmann60@t-online.de;+49(0)1721488055
479;1970-11-08;D;Jurist;2022-01-12;Mechtild;Kaul;mechtild.kaul6@outlook.de;04631 466732
480;1973-05-06;D;Pfleger;2018-03-15;Cindy;Kobelt;cindy.kobelt84@web.de;09899 546409
481;1991-03-23;D;Arzt;2020-04-13;Niko;Bien;niko.bien61@t-online.de;(08670) 02994
482;1985-06-26;M;Verkäufer;2019-06-16;Gino;Mohaupt;gino.mohaupt58@gmail.com;0765516589
483;1971-07-17;W;Student;2019-05-27;Fatma;Girschner;fatma.girschner92@gmail.com;08044 13074
484;1981-05-14;D;Kaufmann;2020-09-04;Kurt;Zimmer;kurt.zimmer23@gmail.com;+49(0)2683 89681
485;1949-03-11;D;Student;2017-05-02;Ignatz;Weimer;ignatz.weimer57@outlook.de;(07262) 071560
486;2002-08-21;D;Pfleger;2022-08-10;Henryk;Rosenow;henryk.rosenow79@web.de;09697420426
487;2007-11-15;W;Buchhalter;2018-04-10;Klothilde;Wagner;klothilde.wagner37@outlook.de;+49 (0) 5313 332662
488;1949-01-08;W;Ingenieur;2023-12-05;Hannchen;Vollbrecht;hannchen.vollbrecht87@t-online.de;+49(0) 491712445
489;1948-06-24;D;Lehrer;2022-12-14;Aldo;Drubin;aldo.drubin83@gmx.de;+49(0) 235985204
490;1983-07-17;W;Fahrer;2018-04-03;Ruthild;Lindner;ruthild.lindner13@t-online.de;+49(0)8506 868438
491;2001-12-29;W;Manager;2015-06-23;Gerhild;Jacob;gerhild.jacob37@gmx.de;04858 917091
492;2003-02-24;D;Pfleger;2018-04-04;Sylwia;Grein Groth;sylwia.grein groth78@web.de;(06082) 19200
493;1976-11-27;M;Jurist;2015-01-25;Henner;Kade;henner.kade75@web.de;(09230) 54668
494;1970-09-09;W;Arzt;2018-11-16;Raphaela;Hübel;raphaela.hübel40@outlook.de;0540377034
495;1946-02-26;D;Programmierer;2022-07-19;Martina;Etzler;martina.etzler91@gmail.com;+49(0)3957504565
496;1984-09-13;D;Elektriker;2023-03-27;Auguste;Bohnbach;auguste.bohnbach49@gmx.de;06374 511818
497;2001-08-11;M;Lehrer;2015-11-20;Erhardt;Berger;erhardt.berger86@t-online.de;(07157) 76145
498;1994-01-07;D;Student;2023-10-15;Michaele;Scholl;michaele.scholl86@outlook.de;+49(0)2215 88885
499;1956-11-03;W;Programmierer;2022-09-16;Ella;Kitzmann;ella.kitzmann3@gmx.de;(05321) 624604
500;1977-07-19;M;Verkäufer;2019-12-24;Karl-Ernst;Henck;karl-ernst.henck28@gmx.de;05513 453841
