1;1;3;1;gekündigt;2015-10-16;2015-11-09;Umzug ins Ausland;2016-11-16;1;2016-12-01
2;1;5;NULL;aktiv;2016-07-27;2016-08-07;NULL;NULL;0;NULL
3;1;1;1;gekündigt;2017-06-09;2017-06-30;Unzufriedenheit mit Service;2019-03-25;1;2019-05-23
4;2;3;1;aktiv;2017-01-25;2017-01-28;NULL;NULL;0;NULL
5;2;2;3;gekündigt;2017-11-02;2017-11-17;Umzug ins Ausland;2018-08-18;1;2018-09-29
6;2;1;NULL;aktiv;2018-07-17;2018-07-20;NULL;NULL;0;NULL
7;3;3;NULL;aktiv;2015-09-22;2015-10-09;NULL;NULL;0;NULL
8;3;5;NULL;gekündigt;2016-07-29;2016-08-20;Umzug ins Ausland;2018-09-07;1;2018-10-01
9;3;5;NULL;gekündigt;2017-03-01;2017-03-25;Schlechter Empfang;2018-09-21;1;2018-10-13
10;4;3;1;aktiv;2016-06-27;2016-07-10;NULL;NULL;0;NULL
11;5;5;1;gekündigt;2015-07-11;2015-07-11;Persönliche Gründe;2016-06-13;1;2016-07-01
12;5;4;1;aktiv;2016-02-29;2016-03-22;NULL;NULL;0;NULL
13;6;1;2;gekündigt;2022-11-02;2022-11-24;Wechsel zum Mitbewerber;2024-12-15;1;2025-02-08
14;6;4;NULL;aktiv;2023-07-20;2023-07-21;NULL;NULL;0;NULL
15;6;2;NULL;aktiv;2024-02-11;2024-02-15;NULL;NULL;0;NULL
16;7;5;NULL;gekündigt;2019-03-09;2019-03-28;Zu teuer;2020-04-15;1;2020-05-26
17;7;5;2;gekündigt;2019-06-10;2019-06-19;Besseres Angebot;2020-10-15;1;2020-11-08
18;7;3;NULL;aktiv;2019-11-02;2019-11-11;NULL;NULL;0;NULL
19;8;1;NULL;gekündigt;2016-01-16;2016-02-08;Persönliche Gründe;2019-12-17;1;2020-02-04
20;8;3;2;aktiv;2016-04-19;2016-04-27;NULL;NULL;0;NULL
21;9;2;2;aktiv;2016-05-05;2016-05-28;NULL;NULL;0;NULL
22;9;2;NULL;gekündigt;2017-03-28;2017-04-08;Besseres Angebot;2021-01-24;1;2021-03-25
23;9;1;2;aktiv;2018-02-09;2018-02-16;NULL;NULL;0;NULL
24;10;1;2;aktiv;2017-09-17;2017-09-24;NULL;NULL;0;NULL
25;11;2;NULL;aktiv;2017-07-14;2017-07-23;NULL;NULL;0;NULL
26;11;5;NULL;aktiv;2018-03-14;2018-03-17;NULL;NULL;0;NULL
27;12;5;3;gekündigt;2022-03-25;2022-04-18;Schlechter Empfang;2024-04-17;1;2024-05-31
28;12;3;1;aktiv;2022-11-17;2022-11-24;NULL;NULL;0;NULL
29;12;2;NULL;aktiv;2023-01-16;2023-02-12;NULL;NULL;0;NULL
30;13;2;NULL;gekündigt;2016-01-19;2016-02-15;Besseres Angebot;2017-04-03;1;2017-05-07
31;13;4;NULL;gekündigt;2016-08-12;2016-09-10;Wechsel zum Mitbewerber;2019-01-21;1;2019-03-08
32;14;4;NULL;gekündigt;2022-12-31;2023-01-26;Umzug ins Ausland;2025-12-06;1;2026-01-04
33;15;3;1;aktiv;2015-03-28;2015-04-19;NULL;NULL;0;NULL
34;16;2;2;aktiv;2020-04-27;2020-05-15;NULL;NULL;0;NULL
35;16;3;NULL;aktiv;2020-08-16;2020-08-20;NULL;NULL;0;NULL
36;17;2;1;aktiv;2018-11-02;2018-11-19;NULL;NULL;0;NULL
37;18;4;1;aktiv;2017-03-04;2017-03-30;NULL;NULL;0;NULL
38;18;1;1;gekündigt;2017-12-13;2018-01-02;Unzufriedenheit mit Service;2020-07-09;1;2020-08-24
39;19;5;1;aktiv;2021-04-18;2021-05-13;NULL;NULL;0;NULL
40;20;4;1;aktiv;2019-09-26;2019-10-19;NULL;NULL;0;NULL
41;20;4;NULL;gekündigt;2020-09-24;2020-09-30;Keine Nutzung mehr;2021-03-19;1;2021-04-08
42;21;3;NULL;aktiv;2017-01-30;2017-02-15;NULL;NULL;0;NULL
43;21;1;1;aktiv;2017-09-04;2017-10-01;NULL;NULL;0;NULL
44;22;2;2;aktiv;2016-12-18;2017-01-12;NULL;NULL;0;NULL
45;22;1;NULL;aktiv;2017-06-13;2017-06-25;NULL;NULL;0;NULL
46;22;5;1;gekündigt;2018-02-28;2018-03-08;Wechsel zum Mitbewerber;2021-12-28;1;2022-02-23
47;23;4;NULL;aktiv;2021-11-21;2021-12-16;NULL;NULL;0;NULL
48;24;3;1;aktiv;2015-10-19;2015-11-18;NULL;NULL;0;NULL
49;24;5;1;aktiv;2016-02-27;2016-03-07;NULL;NULL;0;NULL
50;24;1;NULL;gekündigt;2016-12-09;2016-12-23;Besseres Angebot;2018-01-14;1;2018-03-14
51;25;4;NULL;gekündigt;2019-07-23;2019-08-07;Besseres Angebot;2022-11-17;1;2022-12-09
52;25;3;3;gekündigt;2020-06-30;2020-07-24;Besseres Angebot;2024-05-09;1;2024-06-11
53;25;5;2;aktiv;2021-04-15;2021-04-21;NULL;NULL;0;NULL
54;26;4;1;aktiv;2019-05-18;2019-06-02;NULL;NULL;0;NULL
55;26;3;1;aktiv;2019-12-22;2019-12-25;NULL;NULL;0;NULL
56;27;3;1;aktiv;2016-07-29;2016-08-06;NULL;NULL;0;NULL
57;27;1;NULL;aktiv;2017-07-16;2017-07-18;NULL;NULL;0;NULL
58;27;5;2;aktiv;2017-12-28;2018-01-21;NULL;NULL;0;NULL
59;28;4;NULL;gekündigt;2017-08-03;2017-08-20;Keine Nutzung mehr;2021-06-11;1;2021-08-10
60;28;2;NULL;gekündigt;2017-11-16;2017-11-24;Schlechter Empfang;2022-03-28;1;2022-04-18
61;28;4;NULL;gekündigt;2017-12-25;2018-01-20;Schlechter Empfang;2019-03-20;1;2019-04-29
62;29;5;NULL;aktiv;2017-07-11;2017-08-03;NULL;NULL;0;NULL
63;29;2;NULL;aktiv;2017-09-10;2017-09-23;NULL;NULL;0;NULL
64;29;3;NULL;aktiv;2018-07-24;2018-08-13;NULL;NULL;0;NULL
65;30;4;1;gekündigt;2018-10-07;2018-10-14;Besseres Angebot;2020-02-10;1;2020-03-24
66;30;3;1;aktiv;2019-08-12;2019-08-25;NULL;NULL;0;NULL
67;30;3;NULL;aktiv;2020-08-05;2020-08-09;NULL;NULL;0;NULL
68;31;3;1;aktiv;2020-03-16;2020-03-24;NULL;NULL;0;NULL
69;32;3;NULL;aktiv;2018-10-10;2018-10-13;NULL;NULL;0;NULL
70;32;3;1;aktiv;2019-07-17;2019-07-17;NULL;NULL;0;NULL
71;33;3;NULL;gekündigt;2022-02-19;2022-03-15;Keine Nutzung mehr;2025-09-08;1;2025-11-04
72;33;3;NULL;aktiv;2022-10-09;2022-10-15;NULL;NULL;0;NULL
73;33;3;NULL;gekündigt;2023-01-21;2023-02-15;Besseres Angebot;2027-07-02;1;2027-07-21
74;34;3;1;aktiv;2022-04-29;2022-05-16;NULL;NULL;0;NULL
75;34;2;NULL;aktiv;2022-09-15;2022-09-28;NULL;NULL;0;NULL
76;34;5;NULL;aktiv;2023-03-02;2023-03-12;NULL;NULL;0;NULL
77;35;5;NULL;aktiv;2015-03-09;2015-03-12;NULL;NULL;0;NULL
78;36;1;2;aktiv;2019-05-04;2019-05-31;NULL;NULL;0;NULL
79;37;2;NULL;gekündigt;2018-02-09;2018-02-22;Unzufriedenheit mit Service;2020-10-27;1;2020-12-01
80;38;2;4;gekündigt;2016-05-24;2016-06-06;Keine Nutzung mehr;2019-11-28;1;2019-12-22
81;38;4;NULL;aktiv;2017-05-23;2017-06-03;NULL;NULL;0;NULL
82;38;3;1;gekündigt;2017-10-02;2017-11-01;Wechsel zum Mitbewerber;2021-10-26;1;2021-11-12
83;39;2;NULL;aktiv;2017-12-08;2017-12-16;NULL;NULL;0;NULL
84;39;2;NULL;aktiv;2018-01-26;2018-02-02;NULL;NULL;0;NULL
85;39;1;NULL;aktiv;2018-05-26;2018-06-08;NULL;NULL;0;NULL
86;40;2;1;aktiv;2020-12-25;2021-01-07;NULL;NULL;0;NULL
87;40;1;1;gekündigt;2021-06-21;2021-07-18;Wechsel zum Mitbewerber;2025-01-02;1;2025-02-23
88;41;4;NULL;aktiv;2021-04-04;2021-04-06;NULL;NULL;0;NULL
89;41;5;NULL;aktiv;2022-02-06;2022-02-14;NULL;NULL;0;NULL
90;42;4;2;gekündigt;2023-01-10;2023-01-19;Umzug ins Ausland;2024-01-20;1;2024-02-24
91;42;3;NULL;aktiv;2023-10-01;2023-10-22;NULL;NULL;0;NULL
92;42;3;2;aktiv;2023-11-07;2023-11-30;NULL;NULL;0;NULL
93;43;2;NULL;gekündigt;2022-08-24;2022-09-16;Keine Nutzung mehr;2026-08-12;1;2026-09-20
94;43;3;NULL;gekündigt;2023-06-13;2023-06-26;Umzug ins Ausland;2027-08-21;1;2027-09-10
95;43;4;2;gekündigt;2023-09-22;2023-10-21;Persönliche Gründe;2025-07-27;1;2025-08-10
96;44;4;4;aktiv;2021-10-14;2021-11-05;NULL;NULL;0;NULL
97;45;5;NULL;aktiv;2016-02-17;2016-03-05;NULL;NULL;0;NULL
98;45;3;3;aktiv;2016-03-23;2016-04-11;NULL;NULL;0;NULL
99;46;1;1;aktiv;2018-12-19;2018-12-23;NULL;NULL;0;NULL
100;47;5;1;aktiv;2022-09-01;2022-09-19;NULL;NULL;0;NULL
101;47;1;1;aktiv;2023-03-09;2023-04-01;NULL;NULL;0;NULL
102;48;5;1;gekündigt;2020-06-13;2020-07-04;Umzug ins Ausland;2021-07-27;1;2021-09-09
103;48;5;1;aktiv;2021-03-02;2021-03-30;NULL;NULL;0;NULL
104;49;5;2;aktiv;2017-03-31;2017-04-04;NULL;NULL;0;NULL
105;49;2;2;aktiv;2017-08-19;2017-08-22;NULL;NULL;0;NULL
106;50;5;NULL;aktiv;2016-04-30;2016-05-15;NULL;NULL;0;NULL
107;51;5;NULL;gekündigt;2016-06-02;2016-06-03;Schlechter Empfang;2019-11-09;1;2019-12-25
108;52;2;3;gekündigt;2021-09-18;2021-09-25;Wechsel zum Mitbewerber;2025-01-03;1;2025-02-14
109;52;5;1;aktiv;2022-01-31;2022-02-03;NULL;NULL;0;NULL
110;52;4;NULL;aktiv;2022-11-18;2022-12-15;NULL;NULL;0;NULL
111;53;5;2;aktiv;2018-04-22;2018-05-03;NULL;NULL;0;NULL
112;54;5;NULL;aktiv;2019-12-24;2020-01-18;NULL;NULL;0;NULL
113;55;1;NULL;aktiv;2020-03-04;2020-03-12;NULL;NULL;0;NULL
114;55;2;NULL;aktiv;2020-04-04;2020-04-16;NULL;NULL;0;NULL
115;55;4;NULL;gekündigt;2020-05-27;2020-06-21;Zu teuer;2021-02-13;1;2021-04-02
116;56;1;NULL;gekündigt;2015-06-03;2015-06-08;Keine Nutzung mehr;2016-11-10;1;2016-12-02
117;56;4;1;aktiv;2016-01-10;2016-01-19;NULL;NULL;0;NULL
118;57;1;2;aktiv;2020-02-29;2020-03-29;NULL;NULL;0;NULL
119;57;2;NULL;aktiv;2020-12-31;2021-01-21;NULL;NULL;0;NULL
120;58;2;1;aktiv;2017-08-26;2017-09-24;NULL;NULL;0;NULL
121;59;2;NULL;aktiv;2019-07-29;2019-08-23;NULL;NULL;0;NULL
122;59;1;NULL;aktiv;2019-12-20;2020-01-02;NULL;NULL;0;NULL
123;59;4;NULL;aktiv;2020-06-19;2020-07-16;NULL;NULL;0;NULL
124;60;5;2;aktiv;2017-01-12;2017-02-11;NULL;NULL;0;NULL
125;60;2;2;aktiv;2017-06-08;2017-06-26;NULL;NULL;0;NULL
126;61;2;NULL;aktiv;2020-02-17;2020-03-18;NULL;NULL;0;NULL
127;61;1;NULL;aktiv;2020-05-14;2020-05-18;NULL;NULL;0;NULL
128;62;1;2;gekündigt;2019-11-04;2019-11-30;Zu teuer;2020-08-27;1;2020-09-16
129;62;5;NULL;aktiv;2020-07-19;2020-08-05;NULL;NULL;0;NULL
130;62;2;NULL;aktiv;2020-09-11;2020-09-11;NULL;NULL;0;NULL
131;63;2;NULL;aktiv;2016-05-14;2016-05-21;NULL;NULL;0;NULL
132;63;2;1;aktiv;2016-07-11;2016-08-06;NULL;NULL;0;NULL
133;64;5;1;gekündigt;2022-07-08;2022-07-17;Besseres Angebot;2026-03-16;1;2026-05-12
134;65;2;1;aktiv;2020-10-20;2020-10-21;NULL;NULL;0;NULL
135;65;2;NULL;aktiv;2021-08-12;2021-08-31;NULL;NULL;0;NULL
136;66;5;NULL;aktiv;2022-09-03;2022-09-15;NULL;NULL;0;NULL
137;67;4;3;aktiv;2017-12-14;2017-12-16;NULL;NULL;0;NULL
138;67;3;NULL;aktiv;2018-02-06;2018-02-13;NULL;NULL;0;NULL
139;67;5;1;gekündigt;2018-09-19;2018-10-05;Umzug ins Ausland;2021-06-07;1;2021-07-17
140;68;2;NULL;aktiv;2019-07-29;2019-08-03;NULL;NULL;0;NULL
141;68;2;1;aktiv;2020-04-26;2020-05-20;NULL;NULL;0;NULL
142;69;2;NULL;aktiv;2019-08-28;2019-09-14;NULL;NULL;0;NULL
143;69;5;NULL;aktiv;2019-10-26;2019-11-18;NULL;NULL;0;NULL
144;69;5;1;aktiv;2020-06-25;2020-06-27;NULL;NULL;0;NULL
145;70;3;NULL;gekündigt;2017-01-17;2017-02-14;Unzufriedenheit mit Service;2021-02-10;1;2021-03-01
146;71;5;NULL;aktiv;2016-12-25;2017-01-19;NULL;NULL;0;NULL
147;72;3;3;aktiv;2019-08-06;2019-08-24;NULL;NULL;0;NULL
148;73;1;NULL;aktiv;2021-04-18;2021-04-19;NULL;NULL;0;NULL
149;73;5;1;aktiv;2021-08-22;2021-08-27;NULL;NULL;0;NULL
150;73;2;2;aktiv;2022-07-04;2022-07-31;NULL;NULL;0;NULL
151;74;1;2;gekündigt;2017-07-16;2017-07-27;Unzufriedenheit mit Service;2019-01-15;1;2019-02-05
152;74;5;NULL;aktiv;2017-12-17;2018-01-07;NULL;NULL;0;NULL
153;75;5;NULL;gekündigt;2015-07-06;2015-07-31;Unzufriedenheit mit Service;2017-06-26;1;2017-08-03
154;76;3;1;gekündigt;2023-02-06;2023-02-11;Unzufriedenheit mit Service;2025-06-25;1;2025-08-10
155;76;1;2;aktiv;2023-11-01;2023-11-28;NULL;NULL;0;NULL
156;76;3;1;aktiv;2024-07-28;2024-08-20;NULL;NULL;0;NULL
157;77;4;NULL;gekündigt;2022-08-13;2022-08-27;Zu teuer;2024-04-14;1;2024-05-07
158;77;5;1;aktiv;2023-01-23;2023-01-23;NULL;NULL;0;NULL
159;78;4;NULL;gekündigt;2021-09-29;2021-10-12;Schlechter Empfang;2023-03-29;1;2023-05-03
160;78;5;NULL;aktiv;2022-05-11;2022-06-09;NULL;NULL;0;NULL
161;78;5;2;aktiv;2023-02-20;2023-03-16;NULL;NULL;0;NULL
162;79;4;NULL;aktiv;2019-03-06;2019-03-21;NULL;NULL;0;NULL
163;79;4;NULL;aktiv;2020-02-27;2020-03-26;NULL;NULL;0;NULL
164;80;2;1;aktiv;2022-11-01;2022-11-19;NULL;NULL;0;NULL
165;81;5;2;aktiv;2017-07-30;2017-08-09;NULL;NULL;0;NULL
166;82;1;NULL;aktiv;2018-07-08;2018-07-23;NULL;NULL;0;NULL
167;82;1;NULL;aktiv;2018-09-14;2018-10-05;NULL;NULL;0;NULL
168;82;2;2;aktiv;2019-05-13;2019-05-22;NULL;NULL;0;NULL
169;83;2;NULL;gekündigt;2021-05-16;2021-06-03;Besseres Angebot;2024-07-31;1;2024-09-12
170;84;5;1;aktiv;2018-12-14;2018-12-27;NULL;NULL;0;NULL
171;84;1;NULL;gekündigt;2019-09-19;2019-10-05;Zu teuer;2023-03-11;1;2023-04-20
172;84;5;NULL;aktiv;2019-10-27;2019-11-22;NULL;NULL;0;NULL
173;85;1;NULL;aktiv;2015-01-05;2015-01-29;NULL;NULL;0;NULL
174;85;2;NULL;gekündigt;2015-09-12;2015-09-25;Umzug ins Ausland;2016-08-07;1;2016-09-23
175;86;5;1;aktiv;2017-10-14;2017-10-15;NULL;NULL;0;NULL
176;87;4;NULL;gekündigt;2023-01-16;2023-02-07;Schlechter Empfang;2025-09-10;1;2025-10-23
177;87;3;NULL;aktiv;2023-06-10;2023-06-16;NULL;NULL;0;NULL
178;88;1;1;gekündigt;2019-07-07;2019-07-20;Unzufriedenheit mit Service;2022-01-10;1;2022-02-17
179;88;1;NULL;aktiv;2019-09-03;2019-09-22;NULL;NULL;0;NULL
180;88;4;NULL;aktiv;2019-11-14;2019-12-09;NULL;NULL;0;NULL
181;89;5;NULL;aktiv;2018-01-15;2018-02-01;NULL;NULL;0;NULL
182;89;5;NULL;aktiv;2018-04-03;2018-04-11;NULL;NULL;0;NULL
183;90;5;NULL;aktiv;2023-04-03;2023-04-12;NULL;NULL;0;NULL
184;91;3;2;aktiv;2016-08-27;2016-09-12;NULL;NULL;0;NULL
185;92;1;5;gekündigt;2018-03-31;2018-04-01;Schlechter Empfang;2020-06-17;1;2020-07-02
186;92;2;NULL;aktiv;2019-02-24;2019-02-25;NULL;NULL;0;NULL
187;92;1;3;gekündigt;2019-10-15;2019-11-04;Keine Nutzung mehr;2023-05-12;1;2023-06-10
188;93;4;NULL;aktiv;2022-09-18;2022-10-08;NULL;NULL;0;NULL
189;93;1;NULL;aktiv;2022-12-28;2023-01-13;NULL;NULL;0;NULL
190;94;1;NULL;aktiv;2017-06-30;2017-07-23;NULL;NULL;0;NULL
191;95;5;NULL;aktiv;2021-10-20;2021-11-14;NULL;NULL;0;NULL
192;95;4;NULL;aktiv;2022-09-19;2022-09-28;NULL;NULL;0;NULL
193;96;3;NULL;aktiv;2020-12-19;2021-01-04;NULL;NULL;0;NULL
194;97;2;NULL;aktiv;2022-07-13;2022-07-31;NULL;NULL;0;NULL
195;97;4;1;gekündigt;2023-02-20;2023-03-21;Keine Nutzung mehr;2026-10-05;1;2026-11-30
196;98;3;1;aktiv;2022-12-12;2022-12-12;NULL;NULL;0;NULL
197;98;1;2;gekündigt;2023-02-17;2023-02-28;Umzug ins Ausland;2025-08-04;1;2025-10-02
198;98;3;1;aktiv;2023-10-04;2023-10-06;NULL;NULL;0;NULL
199;99;3;NULL;aktiv;2015-06-22;2015-07-04;NULL;NULL;0;NULL
200;100;2;2;gekündigt;2021-05-16;2021-05-23;Keine Nutzung mehr;2024-03-01;1;2024-04-12
201;101;1;NULL;aktiv;2020-07-12;2020-07-19;NULL;NULL;0;NULL
202;102;5;1;aktiv;2022-09-23;2022-10-19;NULL;NULL;0;NULL
203;102;1;2;gekündigt;2023-05-08;2023-06-03;Schlechter Empfang;2025-12-18;1;2026-01-06
204;102;5;NULL;gekündigt;2024-03-25;2024-03-31;Umzug ins Ausland;2026-10-16;1;2026-11-09
205;103;3;2;aktiv;2018-05-23;2018-06-10;NULL;NULL;0;NULL
206;103;2;1;aktiv;2018-07-24;2018-07-26;NULL;NULL;0;NULL
207;104;4;NULL;aktiv;2020-07-28;2020-07-31;NULL;NULL;0;NULL
208;104;3;NULL;aktiv;2021-02-27;2021-03-26;NULL;NULL;0;NULL
209;105;5;2;aktiv;2015-05-28;2015-06-11;NULL;NULL;0;NULL
210;105;1;1;gekündigt;2016-02-16;2016-03-07;Besseres Angebot;2016-07-19;1;2016-08-27
211;106;3;NULL;aktiv;2021-08-26;2021-09-22;NULL;NULL;0;NULL
212;106;5;1;gekündigt;2022-05-03;2022-05-19;Schlechter Empfang;2024-06-25;1;2024-08-16
213;107;2;NULL;aktiv;2021-02-23;2021-03-16;NULL;NULL;0;NULL
214;107;3;1;aktiv;2021-09-04;2021-09-04;NULL;NULL;0;NULL
215;108;5;2;aktiv;2015-05-08;2015-05-22;NULL;NULL;0;NULL
216;108;4;NULL;gekündigt;2015-11-20;2015-11-29;Besseres Angebot;2020-09-04;1;2020-10-13
217;109;2;NULL;aktiv;2020-06-05;2020-06-30;NULL;NULL;0;NULL
218;109;2;NULL;aktiv;2021-04-10;2021-04-29;NULL;NULL;0;NULL
219;109;1;NULL;aktiv;2022-02-15;2022-03-06;NULL;NULL;0;NULL
220;110;2;1;aktiv;2015-12-26;2016-01-03;NULL;NULL;0;NULL
221;110;1;NULL;aktiv;2016-06-22;2016-06-30;NULL;NULL;0;NULL
222;110;4;NULL;gekündigt;2017-02-16;2017-03-16;Persönliche Gründe;2019-03-29;1;2019-04-27
223;111;4;1;aktiv;2022-08-12;2022-09-08;NULL;NULL;0;NULL
224;111;4;1;aktiv;2022-10-18;2022-11-01;NULL;NULL;0;NULL
225;111;5;1;aktiv;2023-07-20;2023-08-14;NULL;NULL;0;NULL
226;112;4;NULL;aktiv;2017-08-08;2017-08-28;NULL;NULL;0;NULL
227;112;5;NULL;aktiv;2018-03-10;2018-04-02;NULL;NULL;0;NULL
228;112;1;NULL;aktiv;2018-05-22;2018-06-17;NULL;NULL;0;NULL
229;113;5;1;gekündigt;2016-11-20;2016-12-02;Keine Nutzung mehr;2020-11-03;1;2020-12-30
230;114;1;2;gekündigt;2015-03-10;2015-03-28;Schlechter Empfang;2017-01-19;1;2017-02-16
231;114;3;NULL;aktiv;2015-11-23;2015-11-29;NULL;NULL;0;NULL
232;115;5;1;gekündigt;2020-10-20;2020-11-09;Wechsel zum Mitbewerber;2021-04-24;1;2021-06-07
233;115;4;NULL;aktiv;2021-04-19;2021-04-20;NULL;NULL;0;NULL
234;115;1;NULL;aktiv;2021-07-01;2021-07-25;NULL;NULL;0;NULL
235;116;3;NULL;gekündigt;2016-01-12;2016-01-28;Unzufriedenheit mit Service;2020-11-05;1;2020-12-02
236;116;4;1;gekündigt;2016-08-07;2016-08-22;Unzufriedenheit mit Service;2020-12-24;1;2021-02-20
237;117;3;NULL;gekündigt;2015-12-18;2015-12-31;Zu teuer;2020-05-19;1;2020-06-09
238;118;1;2;aktiv;2021-05-31;2021-06-16;NULL;NULL;0;NULL
239;118;2;NULL;aktiv;2021-09-22;2021-09-23;NULL;NULL;0;NULL
240;118;2;NULL;gekündigt;2022-07-31;2022-08-24;Schlechter Empfang;2025-05-06;1;2025-06-18
241;119;2;NULL;gekündigt;2016-02-24;2016-03-16;Keine Nutzung mehr;2020-03-19;1;2020-04-29
242;119;5;2;aktiv;2016-04-08;2016-04-13;NULL;NULL;0;NULL
243;119;5;1;aktiv;2016-12-24;2016-12-30;NULL;NULL;0;NULL
244;120;2;1;gekündigt;2019-11-22;2019-11-28;Wechsel zum Mitbewerber;2024-06-09;1;2024-08-07
245;120;1;1;aktiv;2020-10-12;2020-11-11;NULL;NULL;0;NULL
246;120;2;NULL;aktiv;2021-08-12;2021-09-03;NULL;NULL;0;NULL
247;121;1;2;gekündigt;2017-04-28;2017-05-07;Besseres Angebot;2020-06-06;1;2020-07-23
248;121;4;1;aktiv;2018-03-29;2018-04-09;NULL;NULL;0;NULL
249;122;3;2;aktiv;2021-11-27;2021-12-16;NULL;NULL;0;NULL
250;123;2;NULL;aktiv;2022-04-23;2022-05-06;NULL;NULL;0;NULL
251;123;5;1;aktiv;2022-10-22;2022-11-11;NULL;NULL;0;NULL
252;123;3;2;gekündigt;2023-01-28;2023-02-19;Umzug ins Ausland;2025-03-22;1;2025-04-12
253;124;2;NULL;aktiv;2019-07-19;2019-08-02;NULL;NULL;0;NULL
254;124;5;3;gekündigt;2020-03-19;2020-04-04;Umzug ins Ausland;2022-09-29;1;2022-11-09
255;124;5;1;aktiv;2020-12-23;2021-01-21;NULL;NULL;0;NULL
256;125;5;1;gekündigt;2020-08-25;2020-09-12;Umzug ins Ausland;2022-09-13;1;2022-10-05
257;126;5;1;gekündigt;2021-09-21;2021-10-04;Unzufriedenheit mit Service;2024-03-10;1;2024-03-24
258;126;2;2;aktiv;2021-12-29;2022-01-08;NULL;NULL;0;NULL
259;127;4;NULL;aktiv;2022-04-17;2022-04-18;NULL;NULL;0;NULL
260;127;4;2;aktiv;2023-01-23;2023-01-24;NULL;NULL;0;NULL
261;127;4;NULL;gekündigt;2023-10-07;2023-11-04;Schlechter Empfang;2027-05-21;1;2027-06-05
262;128;3;NULL;gekündigt;2016-06-14;2016-06-21;Unzufriedenheit mit Service;2018-07-01;1;2018-07-25
263;129;4;NULL;aktiv;2019-12-08;2020-01-03;NULL;NULL;0;NULL
264;129;5;NULL;gekündigt;2020-03-04;2020-03-27;Besseres Angebot;2024-11-17;1;2025-01-04
265;129;1;1;aktiv;2021-01-05;2021-01-15;NULL;NULL;0;NULL
266;130;2;1;aktiv;2022-08-23;2022-08-29;NULL;NULL;0;NULL
267;130;2;1;gekündigt;2022-11-13;2022-12-10;Persönliche Gründe;2023-06-05;1;2023-07-17
268;130;1;NULL;aktiv;2023-06-09;2023-06-13;NULL;NULL;0;NULL
269;131;2;2;aktiv;2022-12-20;2022-12-26;NULL;NULL;0;NULL
270;132;3;NULL;aktiv;2016-05-31;2016-05-31;NULL;NULL;0;NULL
271;132;4;NULL;gekündigt;2017-05-08;2017-05-09;Schlechter Empfang;2018-07-20;1;2018-08-16
272;132;5;1;aktiv;2017-07-07;2017-07-10;NULL;NULL;0;NULL
273;133;5;NULL;gekündigt;2023-01-25;2023-02-06;Persönliche Gründe;2027-06-02;1;2027-07-04
274;133;3;1;aktiv;2023-12-14;2023-12-27;NULL;NULL;0;NULL
275;133;1;NULL;gekündigt;2024-10-02;2024-10-10;Zu teuer;2029-05-05;1;2029-06-14
276;134;2;3;aktiv;2016-02-19;2016-03-03;NULL;NULL;0;NULL
277;134;2;NULL;gekündigt;2016-05-26;2016-06-16;Keine Nutzung mehr;2018-08-14;1;2018-09-12
278;134;2;NULL;aktiv;2017-03-02;2017-03-06;NULL;NULL;0;NULL
279;135;4;2;aktiv;2018-09-07;2018-09-29;NULL;NULL;0;NULL
280;135;1;1;aktiv;2018-11-14;2018-11-18;NULL;NULL;0;NULL
281;135;3;NULL;aktiv;2019-05-05;2019-05-09;NULL;NULL;0;NULL
282;136;5;NULL;gekündigt;2022-06-22;2022-06-27;Wechsel zum Mitbewerber;2027-02-21;1;2027-04-22
283;136;3;1;aktiv;2023-03-13;2023-04-03;NULL;NULL;0;NULL
284;137;2;1;aktiv;2022-03-28;2022-04-26;NULL;NULL;0;NULL
285;137;4;NULL;gekündigt;2022-08-13;2022-08-14;Umzug ins Ausland;2024-08-07;1;2024-09-11
286;138;3;1;aktiv;2017-09-29;2017-10-14;NULL;NULL;0;NULL
287;138;1;1;gekündigt;2017-11-22;2017-12-19;Zu teuer;2022-08-30;1;2022-10-12
288;139;4;1;aktiv;2021-08-09;2021-08-13;NULL;NULL;0;NULL
289;140;2;2;aktiv;2018-06-25;2018-07-20;NULL;NULL;0;NULL
290;141;3;2;gekündigt;2022-06-04;2022-07-04;Wechsel zum Mitbewerber;2024-11-08;1;2024-12-08
291;142;2;NULL;gekündigt;2022-04-06;2022-04-13;Schlechter Empfang;2026-03-04;1;2026-04-06
292;142;1;NULL;aktiv;2022-12-11;2022-12-29;NULL;NULL;0;NULL
293;142;2;NULL;aktiv;2023-01-10;2023-01-28;NULL;NULL;0;NULL
294;143;2;2;aktiv;2019-02-15;2019-03-08;NULL;NULL;0;NULL
295;143;1;NULL;gekündigt;2019-10-30;2019-11-26;Keine Nutzung mehr;2022-03-10;1;2022-03-31
296;143;4;NULL;gekündigt;2020-02-04;2020-02-12;Wechsel zum Mitbewerber;2022-09-06;1;2022-09-25
297;144;3;2;aktiv;2017-09-29;2017-10-01;NULL;NULL;0;NULL
298;144;4;NULL;aktiv;2018-01-07;2018-01-08;NULL;NULL;0;NULL
299;145;2;NULL;gekündigt;2021-07-11;2021-07-30;Umzug ins Ausland;2025-02-19;1;2025-03-05
300;145;3;2;aktiv;2022-03-23;2022-04-17;NULL;NULL;0;NULL
301;145;2;3;aktiv;2023-03-09;2023-03-18;NULL;NULL;0;NULL
302;146;4;NULL;aktiv;2018-11-11;2018-12-07;NULL;NULL;0;NULL
303;146;1;2;gekündigt;2019-01-24;2019-02-02;Keine Nutzung mehr;2020-02-09;1;2020-03-31
304;146;4;NULL;gekündigt;2019-08-21;2019-08-28;Persönliche Gründe;2020-10-31;1;2020-11-29
305;147;2;1;aktiv;2021-06-29;2021-07-27;NULL;NULL;0;NULL
306;148;5;NULL;gekündigt;2020-11-30;2020-12-05;Persönliche Gründe;2025-03-28;1;2025-04-12
307;148;5;1;aktiv;2021-04-14;2021-05-14;NULL;NULL;0;NULL
308;148;4;NULL;gekündigt;2021-08-18;2021-09-08;Unzufriedenheit mit Service;2022-05-07;1;2022-06-05
309;149;2;NULL;aktiv;2016-09-07;2016-10-06;NULL;NULL;0;NULL
310;150;5;NULL;aktiv;2022-12-29;2023-01-08;NULL;NULL;0;NULL
311;151;3;1;gekündigt;2019-08-05;2019-08-13;Besseres Angebot;2023-03-01;1;2023-04-10
312;151;2;1;aktiv;2020-06-09;2020-06-10;NULL;NULL;0;NULL
313;152;5;NULL;gekündigt;2023-04-08;2023-04-15;Zu teuer;2025-02-25;1;2025-03-24
314;153;5;2;gekündigt;2017-09-27;2017-09-29;Keine Nutzung mehr;2022-02-06;1;2022-03-24
315;153;4;NULL;gekündigt;2018-05-31;2018-06-18;Umzug ins Ausland;2021-10-12;1;2021-11-29
316;154;3;NULL;gekündigt;2017-06-10;2017-07-08;Besseres Angebot;2019-01-04;1;2019-01-27
317;155;1;1;gekündigt;2015-06-22;2015-06-27;Schlechter Empfang;2018-04-02;1;2018-06-01
318;155;2;2;gekündigt;2015-08-20;2015-09-14;Unzufriedenheit mit Service;2018-07-03;1;2018-07-24
319;155;5;NULL;gekündigt;2016-07-28;2016-08-27;Umzug ins Ausland;2020-08-24;1;2020-10-19
320;156;2;2;aktiv;2019-12-24;2020-01-10;NULL;NULL;0;NULL
321;157;3;2;aktiv;2015-01-20;2015-02-04;NULL;NULL;0;NULL
322;157;2;NULL;aktiv;2015-07-01;2015-07-21;NULL;NULL;0;NULL
323;158;1;2;aktiv;2020-02-29;2020-03-20;NULL;NULL;0;NULL
324;158;3;NULL;aktiv;2020-04-14;2020-04-26;NULL;NULL;0;NULL
325;158;5;NULL;gekündigt;2020-09-30;2020-10-09;Wechsel zum Mitbewerber;2025-02-04;1;2025-03-26
326;159;5;NULL;aktiv;2021-10-06;2021-10-23;NULL;NULL;0;NULL
327;159;5;NULL;gekündigt;2022-07-18;2022-08-03;Wechsel zum Mitbewerber;2023-11-02;1;2023-12-02
328;160;1;1;gekündigt;2016-12-27;2017-01-08;Zu teuer;2020-04-18;1;2020-05-02
329;160;2;1;gekündigt;2017-02-01;2017-02-01;Umzug ins Ausland;2019-07-08;1;2019-08-15
330;160;1;NULL;aktiv;2017-06-02;2017-06-11;NULL;NULL;0;NULL
331;161;2;NULL;gekündigt;2015-09-17;2015-10-09;Besseres Angebot;2018-05-16;1;2018-07-15
332;161;1;NULL;aktiv;2016-03-03;2016-03-03;NULL;NULL;0;NULL
333;162;1;NULL;gekündigt;2015-04-05;2015-04-22;Keine Nutzung mehr;2018-08-07;1;2018-08-23
334;162;4;2;aktiv;2015-06-09;2015-07-03;NULL;NULL;0;NULL
335;162;3;2;gekündigt;2015-12-15;2015-12-28;Besseres Angebot;2018-12-20;1;2019-01-03
336;163;5;2;aktiv;2017-09-09;2017-09-16;NULL;NULL;0;NULL
337;163;2;2;aktiv;2018-08-23;2018-09-20;NULL;NULL;0;NULL
338;164;2;1;aktiv;2017-12-30;2018-01-15;NULL;NULL;0;NULL
339;164;2;1;gekündigt;2018-11-04;2018-11-23;Schlechter Empfang;2021-08-04;1;2021-08-19
340;165;1;NULL;aktiv;2021-08-21;2021-09-17;NULL;NULL;0;NULL
341;165;4;NULL;aktiv;2021-09-20;2021-09-25;NULL;NULL;0;NULL
342;166;2;2;aktiv;2017-02-23;2017-03-17;NULL;NULL;0;NULL
343;167;4;2;aktiv;2020-12-14;2020-12-26;NULL;NULL;0;NULL
344;167;3;4;gekündigt;2021-03-26;2021-03-27;Keine Nutzung mehr;2022-11-23;1;2023-01-09
345;168;1;1;aktiv;2021-01-16;2021-01-30;NULL;NULL;0;NULL
346;168;2;NULL;aktiv;2021-10-31;2021-11-15;NULL;NULL;0;NULL
347;169;5;NULL;aktiv;2018-01-07;2018-01-10;NULL;NULL;0;NULL
348;170;2;NULL;gekündigt;2021-11-01;2021-11-09;Keine Nutzung mehr;2023-09-12;1;2023-10-16
349;170;3;1;aktiv;2022-05-17;2022-05-27;NULL;NULL;0;NULL
350;170;1;NULL;aktiv;2022-10-13;2022-11-04;NULL;NULL;0;NULL
351;171;1;NULL;gekündigt;2018-07-30;2018-08-11;Unzufriedenheit mit Service;2019-11-16;1;2019-12-28
352;171;4;NULL;gekündigt;2019-02-05;2019-03-01;Unzufriedenheit mit Service;2021-07-10;1;2021-08-06
353;171;4;2;gekündigt;2019-08-11;2019-08-20;Umzug ins Ausland;2020-09-20;1;2020-10-09
354;172;5;NULL;gekündigt;2017-05-03;2017-05-14;Wechsel zum Mitbewerber;2019-08-09;1;2019-09-01
355;172;3;2;aktiv;2017-10-07;2017-10-22;NULL;NULL;0;NULL
356;172;3;2;gekündigt;2017-12-01;2017-12-05;Keine Nutzung mehr;2019-05-06;1;2019-05-21
357;173;5;NULL;gekündigt;2021-12-22;2022-01-01;Umzug ins Ausland;2025-01-01;1;2025-01-21
358;173;1;1;gekündigt;2022-03-24;2022-04-02;Umzug ins Ausland;2027-01-08;1;2027-02-05
359;173;4;NULL;aktiv;2022-08-02;2022-08-03;NULL;NULL;0;NULL
360;174;1;NULL;aktiv;2015-12-19;2016-01-07;NULL;NULL;0;NULL
361;174;1;1;gekündigt;2016-05-29;2016-06-22;Unzufriedenheit mit Service;2017-03-11;1;2017-04-06
362;174;1;2;aktiv;2016-09-01;2016-09-18;NULL;NULL;0;NULL
363;175;1;2;aktiv;2021-09-13;2021-10-09;NULL;NULL;0;NULL
364;176;5;2;aktiv;2016-02-16;2016-03-07;NULL;NULL;0;NULL
365;177;1;NULL;aktiv;2022-09-13;2022-09-29;NULL;NULL;0;NULL
366;177;2;1;aktiv;2023-05-19;2023-05-23;NULL;NULL;0;NULL
367;178;3;1;aktiv;2020-02-13;2020-02-28;NULL;NULL;0;NULL
368;178;1;2;aktiv;2020-05-29;2020-06-21;NULL;NULL;0;NULL
369;179;3;NULL;aktiv;2016-12-08;2016-12-08;NULL;NULL;0;NULL
370;180;1;1;gekündigt;2018-05-16;2018-05-17;Keine Nutzung mehr;2020-12-13;1;2021-01-04
371;180;5;NULL;gekündigt;2018-09-25;2018-10-03;Keine Nutzung mehr;2022-03-26;1;2022-04-10
372;181;5;NULL;aktiv;2020-02-16;2020-03-03;NULL;NULL;0;NULL
373;181;5;3;aktiv;2020-09-09;2020-09-14;NULL;NULL;0;NULL
374;182;2;1;gekündigt;2020-12-28;2021-01-04;Zu teuer;2024-10-02;1;2024-10-30
375;182;1;NULL;aktiv;2021-06-19;2021-07-05;NULL;NULL;0;NULL
376;183;3;NULL;aktiv;2022-11-30;2022-12-04;NULL;NULL;0;NULL
377;183;2;2;gekündigt;2023-04-28;2023-05-21;Persönliche Gründe;2027-06-02;1;2027-07-01
378;183;1;NULL;aktiv;2024-02-25;2024-03-15;NULL;NULL;0;NULL
379;184;4;2;aktiv;2022-09-02;2022-09-29;NULL;NULL;0;NULL
380;184;2;NULL;gekündigt;2022-12-29;2023-01-23;Besseres Angebot;2025-02-09;1;2025-04-08
381;184;1;NULL;aktiv;2023-11-26;2023-12-02;NULL;NULL;0;NULL
382;185;5;1;gekündigt;2022-02-17;2022-02-26;Persönliche Gründe;2023-07-22;1;2023-09-05
383;185;4;3;gekündigt;2022-06-16;2022-06-28;Schlechter Empfang;2023-03-10;1;2023-04-07
384;185;5;2;aktiv;2022-07-26;2022-08-06;NULL;NULL;0;NULL
385;186;2;2;aktiv;2017-04-13;2017-05-09;NULL;NULL;0;NULL
386;186;2;1;aktiv;2017-11-03;2017-11-09;NULL;NULL;0;NULL
387;186;1;NULL;gekündigt;2018-05-17;2018-05-22;Umzug ins Ausland;2021-12-29;1;2022-02-26
388;187;3;1;aktiv;2021-02-27;2021-03-17;NULL;NULL;0;NULL
389;187;4;1;aktiv;2021-10-06;2021-11-01;NULL;NULL;0;NULL
390;187;3;NULL;gekündigt;2022-04-26;2022-05-06;Keine Nutzung mehr;2023-07-12;1;2023-09-10
391;188;3;1;gekündigt;2020-09-16;2020-09-25;Besseres Angebot;2024-03-11;1;2024-05-08
392;188;5;NULL;aktiv;2021-02-07;2021-02-23;NULL;NULL;0;NULL
393;189;3;2;gekündigt;2017-07-19;2017-07-31;Keine Nutzung mehr;2022-02-01;1;2022-02-15
394;189;1;1;gekündigt;2018-06-04;2018-06-07;Schlechter Empfang;2020-07-21;1;2020-09-12
395;190;1;NULL;aktiv;2021-03-10;2021-04-01;NULL;NULL;0;NULL
396;190;3;NULL;aktiv;2021-06-20;2021-07-04;NULL;NULL;0;NULL
397;190;3;2;aktiv;2021-11-18;2021-12-10;NULL;NULL;0;NULL
398;191;1;NULL;aktiv;2022-01-13;2022-01-29;NULL;NULL;0;NULL
399;191;3;NULL;aktiv;2023-01-05;2023-01-18;NULL;NULL;0;NULL
400;191;2;NULL;gekündigt;2023-06-19;2023-07-07;Persönliche Gründe;2024-03-27;1;2024-05-02
401;192;1;1;gekündigt;2020-09-10;2020-09-24;Keine Nutzung mehr;2023-06-24;1;2023-08-23
402;192;4;1;aktiv;2021-01-03;2021-01-18;NULL;NULL;0;NULL
403;192;3;1;aktiv;2021-08-14;2021-08-14;NULL;NULL;0;NULL
404;193;5;NULL;aktiv;2021-06-04;2021-06-26;NULL;NULL;0;NULL
405;193;2;NULL;aktiv;2021-10-27;2021-10-27;NULL;NULL;0;NULL
406;194;1;NULL;gekündigt;2017-06-20;2017-07-14;Besseres Angebot;2018-07-01;1;2018-07-19
407;194;4;NULL;gekündigt;2017-10-15;2017-11-04;Wechsel zum Mitbewerber;2018-07-26;1;2018-09-13
408;195;5;2;aktiv;2021-08-28;2021-09-05;NULL;NULL;0;NULL
409;195;4;1;aktiv;2021-10-12;2021-11-01;NULL;NULL;0;NULL
410;195;5;NULL;aktiv;2022-02-03;2022-02-27;NULL;NULL;0;NULL
411;196;1;NULL;gekündigt;2021-10-05;2021-10-13;Persönliche Gründe;2023-03-18;1;2023-04-27
412;197;2;1;gekündigt;2021-06-01;2021-06-05;Unzufriedenheit mit Service;2023-12-22;1;2024-02-10
413;197;1;2;aktiv;2021-09-17;2021-10-01;NULL;NULL;0;NULL
414;198;3;2;aktiv;2023-05-30;2023-06-18;NULL;NULL;0;NULL
415;199;4;NULL;gekündigt;2015-11-25;2015-12-07;Umzug ins Ausland;2016-06-17;1;2016-07-14
416;199;3;1;aktiv;2016-11-15;2016-11-28;NULL;NULL;0;NULL
417;199;1;NULL;gekündigt;2017-08-14;2017-09-10;Unzufriedenheit mit Service;2020-03-21;1;2020-05-04
418;200;5;1;aktiv;2019-10-22;2019-11-03;NULL;NULL;0;NULL
419;201;3;NULL;gekündigt;2022-11-25;2022-12-17;Unzufriedenheit mit Service;2023-07-24;1;2023-08-23
420;201;3;2;gekündigt;2023-08-20;2023-08-20;Zu teuer;2025-06-30;1;2025-08-19
421;202;1;NULL;gekündigt;2020-12-13;2020-12-26;Keine Nutzung mehr;2023-03-29;1;2023-05-16
422;202;2;NULL;aktiv;2021-11-09;2021-11-27;NULL;NULL;0;NULL
423;202;5;1;aktiv;2022-06-25;2022-07-12;NULL;NULL;0;NULL
424;203;4;1;aktiv;2021-12-18;2022-01-01;NULL;NULL;0;NULL
425;203;4;NULL;gekündigt;2022-05-17;2022-06-15;Zu teuer;2024-12-01;1;2025-01-29
426;203;5;1;aktiv;2023-02-28;2023-03-09;NULL;NULL;0;NULL
427;204;5;1;gekündigt;2018-06-14;2018-06-24;Umzug ins Ausland;2023-01-27;1;2023-03-10
428;204;2;2;aktiv;2018-10-07;2018-11-02;NULL;NULL;0;NULL
429;204;1;3;aktiv;2019-01-09;2019-02-02;NULL;NULL;0;NULL
430;205;2;1;aktiv;2019-05-05;2019-05-07;NULL;NULL;0;NULL
431;206;1;NULL;gekündigt;2015-05-12;2015-05-29;Besseres Angebot;2018-11-12;1;2018-12-21
432;206;5;1;aktiv;2015-10-30;2015-11-12;NULL;NULL;0;NULL
433;207;5;5;aktiv;2021-11-15;2021-11-16;NULL;NULL;0;NULL
434;207;1;NULL;aktiv;2022-07-17;2022-07-17;NULL;NULL;0;NULL
435;207;5;1;aktiv;2022-10-30;2022-10-31;NULL;NULL;0;NULL
436;208;5;NULL;aktiv;2015-06-25;2015-07-02;NULL;NULL;0;NULL
437;209;3;4;aktiv;2023-01-14;2023-02-01;NULL;NULL;0;NULL
438;209;4;1;aktiv;2023-06-28;2023-07-20;NULL;NULL;0;NULL
439;209;5;2;aktiv;2024-05-15;2024-06-08;NULL;NULL;0;NULL
440;210;4;NULL;gekündigt;2019-10-12;2019-11-06;Keine Nutzung mehr;2023-07-12;1;2023-09-07
441;210;4;2;aktiv;2019-11-30;2019-12-28;NULL;NULL;0;NULL
442;211;2;NULL;gekündigt;2018-09-07;2018-09-23;Besseres Angebot;2021-10-03;1;2021-11-03
443;211;3;NULL;aktiv;2018-10-17;2018-10-23;NULL;NULL;0;NULL
444;211;3;1;gekündigt;2019-04-20;2019-04-24;Wechsel zum Mitbewerber;2022-05-22;1;2022-07-19
445;212;3;2;aktiv;2019-04-16;2019-04-28;NULL;NULL;0;NULL
446;213;3;NULL;aktiv;2020-03-13;2020-04-06;NULL;NULL;0;NULL
447;213;1;NULL;gekündigt;2021-02-15;2021-03-05;Unzufriedenheit mit Service;2022-09-10;1;2022-10-20
448;214;1;NULL;aktiv;2022-09-13;2022-10-10;NULL;NULL;0;NULL
449;214;1;NULL;gekündigt;2023-01-02;2023-01-31;Umzug ins Ausland;2026-03-25;1;2026-05-03
450;215;1;1;gekündigt;2020-05-03;2020-05-31;Schlechter Empfang;2021-11-28;1;2021-12-15
451;215;4;1;gekündigt;2020-06-18;2020-06-28;Schlechter Empfang;2022-10-25;1;2022-12-23
452;215;3;1;aktiv;2020-12-05;2020-12-30;NULL;NULL;0;NULL
453;216;1;1;aktiv;2021-12-19;2021-12-25;NULL;NULL;0;NULL
454;216;3;1;aktiv;2022-05-21;2022-05-29;NULL;NULL;0;NULL
455;217;4;NULL;aktiv;2018-06-27;2018-07-26;NULL;NULL;0;NULL
456;218;2;NULL;aktiv;2015-11-24;2015-11-25;NULL;NULL;0;NULL
457;218;1;1;gekündigt;2016-05-04;2016-05-10;Umzug ins Ausland;2018-12-14;1;2018-12-31
458;219;2;2;aktiv;2016-05-07;2016-05-23;NULL;NULL;0;NULL
459;220;4;1;aktiv;2023-01-31;2023-02-07;NULL;NULL;0;NULL
460;220;4;2;aktiv;2023-03-06;2023-03-30;NULL;NULL;0;NULL
461;221;5;1;aktiv;2017-02-08;2017-02-19;NULL;NULL;0;NULL
462;222;5;2;aktiv;2022-08-31;2022-09-17;NULL;NULL;0;NULL
463;222;3;1;aktiv;2023-03-05;2023-03-31;NULL;NULL;0;NULL
464;223;4;1;gekündigt;2015-02-18;2015-02-24;Keine Nutzung mehr;2018-02-24;1;2018-03-29
465;223;1;NULL;gekündigt;2016-01-13;2016-02-07;Persönliche Gründe;2020-02-20;1;2020-03-28
466;224;1;1;aktiv;2022-02-11;2022-02-22;NULL;NULL;0;NULL
467;224;3;1;aktiv;2022-09-01;2022-09-06;NULL;NULL;0;NULL
468;224;3;NULL;aktiv;2023-02-19;2023-02-27;NULL;NULL;0;NULL
469;225;2;NULL;gekündigt;2023-05-05;2023-05-20;Zu teuer;2028-01-17;1;2028-02-15
470;225;4;1;aktiv;2024-04-06;2024-05-01;NULL;NULL;0;NULL
471;226;1;NULL;aktiv;2023-02-27;2023-03-06;NULL;NULL;0;NULL
472;226;3;NULL;aktiv;2023-08-27;2023-09-11;NULL;NULL;0;NULL
473;226;4;NULL;aktiv;2024-04-20;2024-04-24;NULL;NULL;0;NULL
474;227;5;1;aktiv;2017-04-09;2017-04-18;NULL;NULL;0;NULL
475;227;2;NULL;aktiv;2017-10-31;2017-11-02;NULL;NULL;0;NULL
476;227;4;NULL;aktiv;2018-10-22;2018-10-25;NULL;NULL;0;NULL
477;228;3;NULL;aktiv;2017-03-26;2017-04-09;NULL;NULL;0;NULL
478;228;2;1;gekündigt;2018-02-04;2018-02-05;Persönliche Gründe;2021-03-02;1;2021-03-24
479;228;2;1;aktiv;2018-12-17;2018-12-23;NULL;NULL;0;NULL
480;229;1;NULL;gekündigt;2016-04-17;2016-04-22;Keine Nutzung mehr;2017-12-12;1;2018-01-14
481;229;3;4;gekündigt;2016-11-02;2016-11-30;Wechsel zum Mitbewerber;2018-11-11;1;2018-12-24
482;229;1;2;aktiv;2017-07-30;2017-07-30;NULL;NULL;0;NULL
483;230;5;2;gekündigt;2020-05-18;2020-06-17;Wechsel zum Mitbewerber;2021-11-01;1;2021-12-17
484;230;5;NULL;gekündigt;2020-12-29;2021-01-16;Umzug ins Ausland;2021-09-22;1;2021-10-15
485;230;3;1;aktiv;2021-05-10;2021-05-13;NULL;NULL;0;NULL
486;231;2;2;gekündigt;2015-12-31;2016-01-07;Wechsel zum Mitbewerber;2020-06-07;1;2020-07-02
487;231;3;1;aktiv;2016-10-05;2016-10-20;NULL;NULL;0;NULL
488;232;1;3;gekündigt;2017-10-16;2017-11-10;Umzug ins Ausland;2019-09-29;1;2019-10-26
489;232;2;NULL;aktiv;2018-09-06;2018-09-30;NULL;NULL;0;NULL
490;233;5;1;aktiv;2019-12-30;2020-01-05;NULL;NULL;0;NULL
491;234;4;NULL;aktiv;2020-08-09;2020-09-03;NULL;NULL;0;NULL
492;234;1;3;gekündigt;2021-03-23;2021-03-23;Besseres Angebot;2022-09-02;1;2022-11-01
493;235;5;NULL;gekündigt;2023-05-07;2023-06-03;Schlechter Empfang;2027-08-05;1;2027-08-19
494;235;3;1;gekündigt;2023-09-29;2023-10-24;Persönliche Gründe;2024-09-15;1;2024-10-23
495;236;1;2;gekündigt;2015-12-15;2015-12-19;Besseres Angebot;2017-12-16;1;2018-01-28
496;237;2;NULL;gekündigt;2022-05-09;2022-05-15;Schlechter Empfang;2025-06-29;1;2025-08-04
497;237;4;1;gekündigt;2022-08-31;2022-09-30;Umzug ins Ausland;2024-04-01;1;2024-05-31
498;237;1;1;aktiv;2023-01-16;2023-01-18;NULL;NULL;0;NULL
499;238;3;NULL;aktiv;2017-08-09;2017-09-05;NULL;NULL;0;NULL
500;239;3;2;aktiv;2021-12-12;2021-12-12;NULL;NULL;0;NULL
501;239;1;2;aktiv;2022-11-26;2022-11-30;NULL;NULL;0;NULL
502;240;1;1;aktiv;2021-07-28;2021-08-07;NULL;NULL;0;NULL
503;240;1;2;aktiv;2021-09-06;2021-09-27;NULL;NULL;0;NULL
504;240;4;1;aktiv;2022-05-07;2022-05-17;NULL;NULL;0;NULL
505;241;4;NULL;aktiv;2020-04-29;2020-05-22;NULL;NULL;0;NULL
506;241;1;1;gekündigt;2020-09-11;2020-09-26;Persönliche Gründe;2024-11-04;1;2024-11-24
507;242;2;NULL;aktiv;2019-12-03;2019-12-10;NULL;NULL;0;NULL
508;242;5;NULL;aktiv;2020-02-24;2020-03-05;NULL;NULL;0;NULL
509;242;3;1;gekündigt;2020-05-24;2020-06-13;Schlechter Empfang;2021-05-11;1;2021-06-25
510;243;3;NULL;aktiv;2022-11-08;2022-11-11;NULL;NULL;0;NULL
511;244;4;NULL;gekündigt;2018-10-26;2018-11-03;Unzufriedenheit mit Service;2019-05-25;1;2019-07-13
512;244;4;1;gekündigt;2019-03-11;2019-03-18;Wechsel zum Mitbewerber;2019-08-29;1;2019-09-12
513;245;4;1;gekündigt;2017-03-31;2017-04-09;Wechsel zum Mitbewerber;2018-02-12;1;2018-03-30
514;245;3;1;aktiv;2017-06-20;2017-07-09;NULL;NULL;0;NULL
515;245;3;1;gekündigt;2018-03-10;2018-03-25;Umzug ins Ausland;2018-11-27;1;2018-12-17
516;246;3;NULL;aktiv;2022-02-16;2022-03-08;NULL;NULL;0;NULL
517;246;4;3;aktiv;2022-08-25;2022-09-24;NULL;NULL;0;NULL
518;247;1;NULL;aktiv;2018-02-18;2018-02-26;NULL;NULL;0;NULL
519;248;3;NULL;aktiv;2017-12-30;2018-01-21;NULL;NULL;0;NULL
520;249;3;NULL;aktiv;2016-01-11;2016-01-22;NULL;NULL;0;NULL
521;249;3;1;aktiv;2016-03-28;2016-04-02;NULL;NULL;0;NULL
522;249;1;NULL;aktiv;2016-07-29;2016-07-29;NULL;NULL;0;NULL
523;250;4;NULL;aktiv;2022-02-18;2022-03-14;NULL;NULL;0;NULL
524;250;4;2;aktiv;2022-11-19;2022-12-14;NULL;NULL;0;NULL
525;251;2;3;aktiv;2017-05-12;2017-06-05;NULL;NULL;0;NULL
526;252;1;NULL;aktiv;2022-09-14;2022-09-18;NULL;NULL;0;NULL
527;253;5;NULL;aktiv;2022-12-08;2022-12-20;NULL;NULL;0;NULL
528;253;5;NULL;aktiv;2023-04-09;2023-05-05;NULL;NULL;0;NULL
529;254;1;NULL;aktiv;2020-12-26;2021-01-06;NULL;NULL;0;NULL
530;254;4;NULL;aktiv;2021-04-01;2021-04-30;NULL;NULL;0;NULL
531;254;4;NULL;aktiv;2021-06-27;2021-07-20;NULL;NULL;0;NULL
532;255;3;1;gekündigt;2020-01-15;2020-02-09;Schlechter Empfang;2024-03-15;1;2024-05-01
533;255;5;1;aktiv;2020-08-05;2020-08-05;NULL;NULL;0;NULL
534;256;4;2;aktiv;2023-01-10;2023-02-08;NULL;NULL;0;NULL
535;257;3;NULL;aktiv;2018-09-12;2018-09-28;NULL;NULL;0;NULL
536;257;4;1;gekündigt;2019-09-05;2019-09-05;Zu teuer;2023-02-26;1;2023-04-20
537;258;2;1;aktiv;2019-10-25;2019-11-11;NULL;NULL;0;NULL
538;258;4;NULL;aktiv;2020-07-21;2020-08-10;NULL;NULL;0;NULL
539;258;4;NULL;gekündigt;2020-09-27;2020-10-02;Zu teuer;2023-01-01;1;2023-02-01
540;259;5;1;aktiv;2021-10-31;2021-11-15;NULL;NULL;0;NULL
541;260;1;1;aktiv;2015-06-16;2015-06-29;NULL;NULL;0;NULL
542;261;1;1;aktiv;2020-04-12;2020-05-12;NULL;NULL;0;NULL
543;261;3;3;gekündigt;2020-12-26;2021-01-24;Zu teuer;2024-02-12;1;2024-04-07
544;262;4;1;gekündigt;2022-04-20;2022-05-05;Wechsel zum Mitbewerber;2025-10-31;1;2025-11-14
545;262;5;2;aktiv;2023-03-25;2023-03-28;NULL;NULL;0;NULL
546;263;2;1;aktiv;2021-02-01;2021-02-10;NULL;NULL;0;NULL
547;263;3;NULL;aktiv;2021-10-22;2021-11-14;NULL;NULL;0;NULL
548;263;2;NULL;aktiv;2021-12-18;2022-01-05;NULL;NULL;0;NULL
549;264;5;NULL;aktiv;2015-12-07;2015-12-09;NULL;NULL;0;NULL
550;264;4;NULL;gekündigt;2016-07-10;2016-07-22;Schlechter Empfang;2021-02-13;1;2021-04-10
551;264;3;NULL;aktiv;2016-08-10;2016-08-12;NULL;NULL;0;NULL
552;265;5;1;aktiv;2015-11-19;2015-11-19;NULL;NULL;0;NULL
553;265;1;3;aktiv;2016-02-11;2016-02-25;NULL;NULL;0;NULL
554;266;4;1;gekündigt;2020-02-25;2020-03-26;Schlechter Empfang;2023-12-31;1;2024-01-26
555;267;2;2;aktiv;2022-08-27;2022-09-03;NULL;NULL;0;NULL
556;267;3;1;gekündigt;2023-01-01;2023-01-22;Wechsel zum Mitbewerber;2025-10-09;1;2025-10-25
557;268;5;NULL;aktiv;2020-06-04;2020-06-19;NULL;NULL;0;NULL
558;268;4;1;gekündigt;2020-09-10;2020-09-25;Keine Nutzung mehr;2025-04-07;1;2025-04-24
559;269;5;1;aktiv;2021-08-18;2021-08-20;NULL;NULL;0;NULL
560;269;5;NULL;gekündigt;2021-12-16;2021-12-20;Keine Nutzung mehr;2023-02-11;1;2023-03-03
561;270;3;NULL;aktiv;2016-12-17;2016-12-29;NULL;NULL;0;NULL
562;270;4;1;aktiv;2017-07-31;2017-08-18;NULL;NULL;0;NULL
563;270;3;2;aktiv;2018-01-04;2018-02-03;NULL;NULL;0;NULL
564;271;4;1;aktiv;2020-08-30;2020-09-20;NULL;NULL;0;NULL
565;271;4;1;aktiv;2020-12-08;2020-12-14;NULL;NULL;0;NULL
566;272;5;NULL;aktiv;2016-11-19;2016-12-04;NULL;NULL;0;NULL
567;272;2;NULL;gekündigt;2017-09-28;2017-10-03;Persönliche Gründe;2021-07-28;1;2021-09-25
568;273;2;NULL;aktiv;2018-03-05;2018-03-25;NULL;NULL;0;NULL
569;273;2;NULL;aktiv;2019-03-02;2019-03-15;NULL;NULL;0;NULL
570;273;3;NULL;aktiv;2020-02-21;2020-03-11;NULL;NULL;0;NULL
571;274;4;NULL;aktiv;2021-10-16;2021-11-05;NULL;NULL;0;NULL
572;274;5;2;gekündigt;2022-06-16;2022-07-11;Wechsel zum Mitbewerber;2025-04-12;1;2025-04-26
573;274;4;NULL;gekündigt;2022-07-28;2022-08-20;Schlechter Empfang;2026-10-10;1;2026-10-27
574;275;3;NULL;aktiv;2022-12-05;2022-12-05;NULL;NULL;0;NULL
575;276;3;1;gekündigt;2016-06-09;2016-07-07;Besseres Angebot;2019-12-03;1;2019-12-19
576;277;5;NULL;aktiv;2021-05-10;2021-06-05;NULL;NULL;0;NULL
577;278;5;1;aktiv;2022-12-06;2023-01-01;NULL;NULL;0;NULL
578;279;3;1;aktiv;2023-05-29;2023-06-11;NULL;NULL;0;NULL
579;279;4;NULL;aktiv;2023-07-22;2023-08-14;NULL;NULL;0;NULL
580;279;5;1;gekündigt;2024-01-28;2024-02-03;Schlechter Empfang;2028-08-27;1;2028-09-26
581;280;2;NULL;aktiv;2021-05-04;2021-05-20;NULL;NULL;0;NULL
582;280;3;NULL;aktiv;2022-04-30;2022-04-30;NULL;NULL;0;NULL
583;281;5;1;gekündigt;2021-07-17;2021-07-21;Persönliche Gründe;2026-01-10;1;2026-02-05
584;281;2;NULL;aktiv;2022-04-02;2022-05-02;NULL;NULL;0;NULL
585;281;2;2;aktiv;2022-06-09;2022-07-06;NULL;NULL;0;NULL
586;282;4;NULL;gekündigt;2019-03-30;2019-04-26;Persönliche Gründe;2021-03-01;1;2021-04-19
587;283;5;NULL;aktiv;2021-10-16;2021-11-04;NULL;NULL;0;NULL
588;284;4;NULL;aktiv;2018-11-03;2018-11-20;NULL;NULL;0;NULL
589;284;1;2;gekündigt;2019-02-20;2019-02-24;Zu teuer;2021-04-18;1;2021-06-09
590;285;3;NULL;aktiv;2016-01-22;2016-01-27;NULL;NULL;0;NULL
591;285;5;NULL;aktiv;2016-12-10;2016-12-27;NULL;NULL;0;NULL
592;285;5;1;gekündigt;2017-06-20;2017-07-18;Wechsel zum Mitbewerber;2018-11-11;1;2018-12-28
593;286;4;1;aktiv;2023-01-03;2023-01-11;NULL;NULL;0;NULL
594;287;3;NULL;gekündigt;2021-10-29;2021-11-05;Besseres Angebot;2023-05-12;1;2023-07-07
595;288;3;1;gekündigt;2021-07-20;2021-08-18;Unzufriedenheit mit Service;2026-02-12;1;2026-04-06
596;288;1;2;gekündigt;2022-06-02;2022-07-02;Schlechter Empfang;2024-09-25;1;2024-11-06
597;289;5;NULL;gekündigt;2016-04-24;2016-05-14;Besseres Angebot;2016-11-14;1;2017-01-10
598;289;1;2;aktiv;2016-12-05;2016-12-17;NULL;NULL;0;NULL
599;289;3;NULL;gekündigt;2017-10-07;2017-10-19;Unzufriedenheit mit Service;2021-01-20;1;2021-02-26
600;290;3;1;aktiv;2017-02-15;2017-02-27;NULL;NULL;0;NULL
601;291;5;2;gekündigt;2021-01-13;2021-01-16;Zu teuer;2021-12-31;1;2022-01-24
602;291;1;NULL;gekündigt;2021-12-29;2022-01-27;Keine Nutzung mehr;2025-12-10;1;2026-01-06
603;292;5;3;aktiv;2020-09-04;2020-09-25;NULL;NULL;0;NULL
604;293;1;NULL;aktiv;2015-01-17;2015-02-06;NULL;NULL;0;NULL
605;293;1;1;aktiv;2015-05-05;2015-05-07;NULL;NULL;0;NULL
606;293;1;NULL;gekündigt;2015-11-20;2015-12-12;Persönliche Gründe;2016-08-12;1;2016-09-06
607;294;5;1;aktiv;2017-06-13;2017-06-21;NULL;NULL;0;NULL
608;295;4;1;aktiv;2018-05-22;2018-06-09;NULL;NULL;0;NULL
609;295;4;1;gekündigt;2019-01-14;2019-01-27;Wechsel zum Mitbewerber;2021-07-22;1;2021-09-17
610;296;5;NULL;gekündigt;2017-04-06;2017-04-06;Zu teuer;2021-10-18;1;2021-12-08
611;297;5;1;gekündigt;2019-05-24;2019-06-18;Persönliche Gründe;2024-02-21;1;2024-04-18
612;297;1;NULL;gekündigt;2020-04-28;2020-04-28;Keine Nutzung mehr;2023-03-02;1;2023-04-09
613;298;2;3;aktiv;2016-10-23;2016-11-15;NULL;NULL;0;NULL
614;298;4;1;aktiv;2017-01-30;2017-01-30;NULL;NULL;0;NULL
615;299;2;NULL;gekündigt;2015-10-10;2015-10-25;Besseres Angebot;2020-03-15;1;2020-05-09
616;299;5;NULL;aktiv;2015-11-14;2015-11-26;NULL;NULL;0;NULL
617;300;1;NULL;gekündigt;2021-02-25;2021-03-19;Wechsel zum Mitbewerber;2024-11-18;1;2024-12-27
618;301;3;NULL;gekündigt;2020-07-06;2020-08-05;Umzug ins Ausland;2024-07-01;1;2024-08-16
619;302;2;2;aktiv;2019-06-21;2019-07-04;NULL;NULL;0;NULL
620;303;1;NULL;gekündigt;2016-10-02;2016-10-07;Unzufriedenheit mit Service;2020-05-18;1;2020-06-04
621;304;1;1;gekündigt;2018-11-10;2018-12-06;Wechsel zum Mitbewerber;2019-08-24;1;2019-09-23
622;304;5;NULL;aktiv;2019-03-21;2019-04-06;NULL;NULL;0;NULL
623;304;3;NULL;gekündigt;2019-10-06;2019-10-08;Wechsel zum Mitbewerber;2023-11-07;1;2023-12-06
624;305;1;NULL;aktiv;2018-02-09;2018-03-03;NULL;NULL;0;NULL
625;305;4;1;aktiv;2018-08-20;2018-09-01;NULL;NULL;0;NULL
626;305;3;2;aktiv;2019-07-31;2019-08-12;NULL;NULL;0;NULL
627;306;5;1;aktiv;2019-07-27;2019-08-05;NULL;NULL;0;NULL
628;306;4;1;gekündigt;2020-02-03;2020-02-19;Schlechter Empfang;2022-04-05;1;2022-05-04
629;306;4;1;gekündigt;2021-01-26;2021-02-19;Besseres Angebot;2023-07-09;1;2023-07-31
630;307;4;NULL;aktiv;2021-05-21;2021-06-12;NULL;NULL;0;NULL
631;307;4;NULL;aktiv;2021-11-23;2021-11-27;NULL;NULL;0;NULL
632;308;5;NULL;gekündigt;2019-04-08;2019-04-17;Schlechter Empfang;2021-04-09;1;2021-05-01
633;308;1;NULL;aktiv;2019-09-19;2019-09-19;NULL;NULL;0;NULL
634;308;5;NULL;aktiv;2019-10-28;2019-11-07;NULL;NULL;0;NULL
635;309;4;NULL;aktiv;2021-10-15;2021-10-31;NULL;NULL;0;NULL
636;309;1;1;aktiv;2022-03-02;2022-03-16;NULL;NULL;0;NULL
637;309;5;2;aktiv;2023-01-04;2023-01-22;NULL;NULL;0;NULL
638;310;4;NULL;gekündigt;2018-02-21;2018-03-23;Persönliche Gründe;2022-10-28;1;2022-12-18
639;310;4;1;aktiv;2018-05-30;2018-06-23;NULL;NULL;0;NULL
640;311;3;NULL;aktiv;2019-10-27;2019-11-19;NULL;NULL;0;NULL
641;311;5;2;aktiv;2020-03-27;2020-04-15;NULL;NULL;0;NULL
642;312;4;1;gekündigt;2017-07-25;2017-08-12;Umzug ins Ausland;2021-02-03;1;2021-03-25
643;313;1;NULL;gekündigt;2018-11-23;2018-12-04;Wechsel zum Mitbewerber;2022-01-16;1;2022-02-13
644;313;3;3;gekündigt;2019-05-07;2019-05-29;Besseres Angebot;2023-07-07;1;2023-08-03
645;314;4;NULL;aktiv;2015-04-21;2015-05-19;NULL;NULL;0;NULL
646;314;3;1;gekündigt;2015-06-10;2015-07-02;Persönliche Gründe;2018-09-15;1;2018-11-08
647;315;5;1;aktiv;2020-10-28;2020-10-31;NULL;NULL;0;NULL
648;315;4;NULL;aktiv;2021-06-07;2021-07-07;NULL;NULL;0;NULL
649;315;1;NULL;aktiv;2022-06-06;2022-06-14;NULL;NULL;0;NULL
650;316;5;1;aktiv;2015-05-26;2015-06-11;NULL;NULL;0;NULL
651;317;4;2;aktiv;2019-02-12;2019-02-21;NULL;NULL;0;NULL
652;317;5;NULL;aktiv;2019-03-17;2019-04-10;NULL;NULL;0;NULL
653;318;2;2;gekündigt;2022-01-15;2022-01-17;Schlechter Empfang;2026-01-20;1;2026-02-20
654;319;2;1;aktiv;2022-10-26;2022-11-04;NULL;NULL;0;NULL
655;320;2;2;aktiv;2016-02-03;2016-02-21;NULL;NULL;0;NULL
656;320;1;NULL;aktiv;2016-08-20;2016-09-18;NULL;NULL;0;NULL
657;320;4;2;gekündigt;2017-05-22;2017-06-14;Keine Nutzung mehr;2018-08-20;1;2018-10-14
658;321;1;NULL;gekündigt;2017-10-17;2017-10-18;Umzug ins Ausland;2021-07-17;1;2021-08-10
659;322;1;NULL;aktiv;2020-07-10;2020-07-15;NULL;NULL;0;NULL
660;322;1;1;gekündigt;2020-10-23;2020-11-14;Keine Nutzung mehr;2022-03-08;1;2022-04-24
661;322;5;NULL;aktiv;2021-09-24;2021-10-04;NULL;NULL;0;NULL
662;323;2;NULL;aktiv;2019-03-10;2019-03-29;NULL;NULL;0;NULL
663;324;2;3;gekündigt;2015-11-24;2015-11-25;Umzug ins Ausland;2018-07-20;1;2018-09-10
664;324;2;NULL;aktiv;2016-10-17;2016-11-09;NULL;NULL;0;NULL
665;325;2;1;aktiv;2021-06-28;2021-07-16;NULL;NULL;0;NULL
666;325;4;NULL;aktiv;2022-01-19;2022-02-09;NULL;NULL;0;NULL
667;326;4;NULL;aktiv;2020-03-01;2020-03-23;NULL;NULL;0;NULL
668;327;2;NULL;aktiv;2018-06-05;2018-06-12;NULL;NULL;0;NULL
669;328;4;2;aktiv;2019-04-17;2019-04-26;NULL;NULL;0;NULL
670;328;1;NULL;gekündigt;2020-03-22;2020-03-27;Zu teuer;2024-01-08;1;2024-02-29
671;328;5;1;aktiv;2021-01-18;2021-02-05;NULL;NULL;0;NULL
672;329;2;2;aktiv;2019-11-09;2019-11-10;NULL;NULL;0;NULL
673;329;1;NULL;aktiv;2020-09-10;2020-10-03;NULL;NULL;0;NULL
674;330;5;1;aktiv;2019-05-25;2019-06-07;NULL;NULL;0;NULL
675;330;5;1;aktiv;2019-07-16;2019-07-22;NULL;NULL;0;NULL
676;331;3;NULL;aktiv;2018-02-08;2018-03-02;NULL;NULL;0;NULL
677;331;1;NULL;aktiv;2018-12-29;2019-01-21;NULL;NULL;0;NULL
678;332;2;1;aktiv;2019-05-06;2019-05-23;NULL;NULL;0;NULL
679;332;3;NULL;aktiv;2019-07-17;2019-07-27;NULL;NULL;0;NULL
680;333;3;NULL;gekündigt;2022-03-29;2022-04-03;Wechsel zum Mitbewerber;2026-09-02;1;2026-09-16
681;333;1;2;aktiv;2023-01-19;2023-01-27;NULL;NULL;0;NULL
682;334;3;1;aktiv;2016-08-15;2016-09-10;NULL;NULL;0;NULL
683;334;2;NULL;aktiv;2016-11-07;2016-11-09;NULL;NULL;0;NULL
684;334;3;NULL;gekündigt;2017-10-02;2017-10-08;Besseres Angebot;2021-02-19;1;2021-04-01
685;335;4;NULL;aktiv;2019-05-18;2019-05-23;NULL;NULL;0;NULL
686;335;5;1;aktiv;2020-01-14;2020-02-11;NULL;NULL;0;NULL
687;336;3;3;aktiv;2016-10-04;2016-10-06;NULL;NULL;0;NULL
688;337;3;1;aktiv;2019-08-29;2019-09-27;NULL;NULL;0;NULL
689;337;2;NULL;aktiv;2020-04-18;2020-04-24;NULL;NULL;0;NULL
690;338;2;1;aktiv;2018-09-14;2018-10-08;NULL;NULL;0;NULL
691;338;1;NULL;gekündigt;2019-01-04;2019-01-09;Zu teuer;2021-08-26;1;2021-09-30
692;338;4;2;aktiv;2019-04-26;2019-05-24;NULL;NULL;0;NULL
693;339;2;NULL;aktiv;2016-09-05;2016-09-14;NULL;NULL;0;NULL
694;340;1;NULL;gekündigt;2019-02-20;2019-03-03;Wechsel zum Mitbewerber;2020-10-09;1;2020-11-15
695;340;1;1;aktiv;2020-01-27;2020-01-27;NULL;NULL;0;NULL
696;341;5;NULL;gekündigt;2018-05-26;2018-06-06;Umzug ins Ausland;2022-03-12;1;2022-03-29
697;341;4;1;aktiv;2019-05-18;2019-06-17;NULL;NULL;0;NULL
698;341;5;NULL;gekündigt;2019-09-28;2019-10-02;Schlechter Empfang;2020-04-11;1;2020-06-02
699;342;1;NULL;aktiv;2020-05-15;2020-05-20;NULL;NULL;0;NULL
700;343;2;1;gekündigt;2017-01-26;2017-02-14;Besseres Angebot;2019-01-02;1;2019-02-10
701;344;5;1;gekündigt;2015-04-15;2015-04-17;Wechsel zum Mitbewerber;2015-09-14;1;2015-11-12
702;344;5;1;gekündigt;2015-06-30;2015-07-11;Besseres Angebot;2018-12-25;1;2019-02-14
703;345;2;NULL;aktiv;2020-10-25;2020-11-15;NULL;NULL;0;NULL
704;345;4;2;aktiv;2021-03-03;2021-03-24;NULL;NULL;0;NULL
705;346;3;1;gekündigt;2017-12-06;2017-12-07;Wechsel zum Mitbewerber;2021-03-16;1;2021-04-05
706;347;3;NULL;aktiv;2018-08-28;2018-08-29;NULL;NULL;0;NULL
707;347;3;NULL;aktiv;2019-06-16;2019-07-14;NULL;NULL;0;NULL
708;348;4;NULL;aktiv;2019-11-15;2019-11-18;NULL;NULL;0;NULL
709;348;4;NULL;aktiv;2020-09-28;2020-10-11;NULL;NULL;0;NULL
710;349;4;NULL;aktiv;2019-02-13;2019-03-03;NULL;NULL;0;NULL
711;349;4;NULL;gekündigt;2019-03-29;2019-04-25;Schlechter Empfang;2020-01-03;1;2020-02-10
712;350;4;1;aktiv;2016-03-11;2016-03-16;NULL;NULL;0;NULL
713;350;5;NULL;gekündigt;2016-12-30;2016-12-31;Persönliche Gründe;2018-11-20;1;2018-12-19
714;351;3;2;gekündigt;2020-08-06;2020-09-04;Besseres Angebot;2021-12-20;1;2022-02-02
715;351;2;NULL;aktiv;2021-03-05;2021-03-16;NULL;NULL;0;NULL
716;352;2;2;aktiv;2023-02-09;2023-03-10;NULL;NULL;0;NULL
717;353;2;NULL;aktiv;2021-01-01;2021-01-08;NULL;NULL;0;NULL
718;354;2;1;aktiv;2023-04-13;2023-04-24;NULL;NULL;0;NULL
719;355;2;2;aktiv;2015-10-28;2015-11-15;NULL;NULL;0;NULL
720;355;1;1;aktiv;2016-01-27;2016-02-12;NULL;NULL;0;NULL
721;356;1;1;aktiv;2019-02-25;2019-03-24;NULL;NULL;0;NULL
722;356;1;NULL;aktiv;2019-12-29;2020-01-22;NULL;NULL;0;NULL
723;356;5;1;gekündigt;2020-08-05;2020-08-14;Unzufriedenheit mit Service;2024-03-22;1;2024-04-22
724;357;3;1;aktiv;2020-08-30;2020-09-27;NULL;NULL;0;NULL
725;357;2;NULL;gekündigt;2021-07-21;2021-08-14;Zu teuer;2024-04-18;1;2024-06-01
726;357;3;1;aktiv;2022-05-04;2022-05-07;NULL;NULL;0;NULL
727;358;1;1;aktiv;2020-03-04;2020-03-19;NULL;NULL;0;NULL
728;358;3;1;aktiv;2020-11-24;2020-11-28;NULL;NULL;0;NULL
729;359;2;2;aktiv;2016-02-06;2016-02-17;NULL;NULL;0;NULL
730;359;3;NULL;aktiv;2016-04-27;2016-05-16;NULL;NULL;0;NULL
731;359;2;1;aktiv;2016-10-06;2016-10-06;NULL;NULL;0;NULL
732;360;4;NULL;aktiv;2019-01-08;2019-01-16;NULL;NULL;0;NULL
733;360;3;NULL;gekündigt;2019-08-01;2019-08-12;Keine Nutzung mehr;2022-05-18;1;2022-06-14
734;361;4;NULL;gekündigt;2023-02-13;2023-03-04;Umzug ins Ausland;2024-06-25;1;2024-08-14
735;361;2;NULL;aktiv;2024-01-03;2024-01-17;NULL;NULL;0;NULL
736;362;5;NULL;aktiv;2017-02-26;2017-03-15;NULL;NULL;0;NULL
737;363;2;NULL;aktiv;2019-06-02;2019-06-28;NULL;NULL;0;NULL
738;364;1;NULL;gekündigt;2020-07-11;2020-07-16;Besseres Angebot;2023-10-05;1;2023-10-27
739;364;3;NULL;gekündigt;2021-04-16;2021-04-22;Keine Nutzung mehr;2024-12-01;1;2024-12-18
740;365;2;1;gekündigt;2016-04-11;2016-04-26;Wechsel zum Mitbewerber;2018-01-27;1;2018-03-12
741;365;3;NULL;gekündigt;2016-12-27;2017-01-06;Persönliche Gründe;2019-05-14;1;2019-07-02
742;365;1;NULL;aktiv;2017-07-21;2017-08-12;NULL;NULL;0;NULL
743;366;5;NULL;gekündigt;2023-05-22;2023-06-02;Umzug ins Ausland;2026-12-16;1;2027-02-09
744;366;3;1;gekündigt;2023-11-13;2023-11-30;Unzufriedenheit mit Service;2027-02-05;1;2027-03-22
745;366;4;NULL;aktiv;2024-01-22;2024-02-12;NULL;NULL;0;NULL
746;367;2;1;aktiv;2019-12-23;2020-01-10;NULL;NULL;0;NULL
747;367;3;NULL;aktiv;2020-12-14;2020-12-25;NULL;NULL;0;NULL
748;367;5;NULL;aktiv;2021-11-22;2021-12-18;NULL;NULL;0;NULL
749;368;2;3;gekündigt;2017-04-18;2017-05-12;Persönliche Gründe;2019-06-15;1;2019-07-19
750;369;4;1;gekündigt;2018-02-11;2018-02-24;Unzufriedenheit mit Service;2020-12-31;1;2021-02-06
751;369;2;3;gekündigt;2018-10-10;2018-10-20;Schlechter Empfang;2019-05-03;1;2019-05-25
752;369;1;NULL;gekündigt;2019-03-17;2019-04-11;Wechsel zum Mitbewerber;2021-11-14;1;2021-12-04
753;370;5;1;gekündigt;2018-07-19;2018-07-26;Wechsel zum Mitbewerber;2023-04-03;1;2023-05-12
754;370;3;NULL;aktiv;2018-10-10;2018-11-07;NULL;NULL;0;NULL
755;371;4;2;gekündigt;2016-09-10;2016-09-26;Unzufriedenheit mit Service;2018-06-26;1;2018-07-28
756;371;2;1;gekündigt;2017-08-26;2017-09-20;Zu teuer;2019-01-22;1;2019-02-06
757;371;3;1;aktiv;2018-03-26;2018-04-18;NULL;NULL;0;NULL
758;372;3;1;aktiv;2016-09-16;2016-10-08;NULL;NULL;0;NULL
759;372;5;NULL;gekündigt;2016-12-24;2017-01-02;Keine Nutzung mehr;2020-09-14;1;2020-10-27
760;372;5;1;gekündigt;2017-10-18;2017-10-29;Schlechter Empfang;2020-02-12;1;2020-03-27
761;373;3;NULL;aktiv;2018-12-14;2018-12-15;NULL;NULL;0;NULL
762;373;2;NULL;gekündigt;2019-05-26;2019-06-13;Umzug ins Ausland;2019-10-06;1;2019-11-22
763;374;4;2;aktiv;2021-02-19;2021-03-13;NULL;NULL;0;NULL
764;374;4;2;gekündigt;2021-11-27;2021-12-01;Persönliche Gründe;2026-07-31;1;2026-09-10
765;375;1;1;aktiv;2017-11-26;2017-12-24;NULL;NULL;0;NULL
766;376;5;NULL;aktiv;2019-11-30;2019-12-09;NULL;NULL;0;NULL
767;376;2;1;aktiv;2020-05-05;2020-05-20;NULL;NULL;0;NULL
768;377;4;1;gekündigt;2016-09-23;2016-09-29;Schlechter Empfang;2017-07-21;1;2017-08-31
769;377;5;2;aktiv;2017-07-14;2017-07-30;NULL;NULL;0;NULL
770;378;5;NULL;aktiv;2022-08-10;2022-08-10;NULL;NULL;0;NULL
771;378;2;NULL;aktiv;2023-04-08;2023-04-24;NULL;NULL;0;NULL
772;379;3;NULL;gekündigt;2022-09-02;2022-09-23;Unzufriedenheit mit Service;2025-07-27;1;2025-09-18
773;380;5;1;aktiv;2019-10-12;2019-10-18;NULL;NULL;0;NULL
774;380;1;2;gekündigt;2020-04-23;2020-04-26;Umzug ins Ausland;2023-10-05;1;2023-10-20
775;380;3;1;gekündigt;2020-07-14;2020-07-28;Zu teuer;2024-12-02;1;2025-01-13
776;381;2;NULL;gekündigt;2021-11-05;2021-11-13;Keine Nutzung mehr;2023-06-17;1;2023-07-22
777;382;3;NULL;aktiv;2017-01-31;2017-02-15;NULL;NULL;0;NULL
778;382;3;NULL;gekündigt;2017-03-18;2017-03-24;Zu teuer;2021-11-06;1;2021-11-29
779;383;1;NULL;aktiv;2020-08-26;2020-08-31;NULL;NULL;0;NULL
780;383;2;NULL;aktiv;2020-12-26;2020-12-26;NULL;NULL;0;NULL
781;384;1;2;gekündigt;2022-02-15;2022-03-16;Schlechter Empfang;2026-10-06;1;2026-12-04
782;384;4;1;gekündigt;2022-09-30;2022-10-23;Unzufriedenheit mit Service;2023-05-10;1;2023-06-05
783;385;2;1;aktiv;2018-10-12;2018-10-31;NULL;NULL;0;NULL
784;385;3;2;gekündigt;2019-04-19;2019-04-22;Wechsel zum Mitbewerber;2023-10-30;1;2023-11-15
785;385;4;NULL;aktiv;2019-09-25;2019-09-28;NULL;NULL;0;NULL
786;386;1;NULL;aktiv;2021-01-30;2021-02-25;NULL;NULL;0;NULL
787;386;1;3;gekündigt;2021-06-20;2021-07-10;Zu teuer;2024-04-20;1;2024-05-24
788;387;5;NULL;gekündigt;2021-11-11;2021-11-14;Zu teuer;2026-09-13;1;2026-10-12
789;387;5;NULL;aktiv;2022-01-01;2022-01-18;NULL;NULL;0;NULL
790;388;5;1;gekündigt;2021-06-24;2021-07-20;Schlechter Empfang;2026-03-29;1;2026-04-17
791;388;4;1;gekündigt;2021-10-12;2021-11-06;Zu teuer;2025-08-23;1;2025-09-27
792;388;3;3;aktiv;2021-12-11;2021-12-13;NULL;NULL;0;NULL
793;389;2;NULL;aktiv;2019-12-28;2020-01-17;NULL;NULL;0;NULL
794;390;3;1;aktiv;2017-08-19;2017-08-27;NULL;NULL;0;NULL
795;390;2;1;gekündigt;2018-04-30;2018-05-05;Umzug ins Ausland;2020-11-02;1;2020-12-08
796;390;1;1;aktiv;2018-10-05;2018-10-16;NULL;NULL;0;NULL
797;391;3;NULL;aktiv;2020-05-13;2020-05-19;NULL;NULL;0;NULL
798;391;2;NULL;aktiv;2021-02-17;2021-03-17;NULL;NULL;0;NULL
799;391;3;2;gekündigt;2021-12-22;2021-12-27;Umzug ins Ausland;2025-01-03;1;2025-02-03
800;392;2;1;aktiv;2021-04-15;2021-05-07;NULL;NULL;0;NULL
801;392;5;NULL;aktiv;2021-09-26;2021-10-13;NULL;NULL;0;NULL
802;392;5;NULL;aktiv;2021-10-26;2021-11-19;NULL;NULL;0;NULL
803;393;5;1;aktiv;2016-10-13;2016-10-15;NULL;NULL;0;NULL
804;394;3;NULL;aktiv;2015-08-13;2015-09-07;NULL;NULL;0;NULL
805;395;2;NULL;aktiv;2015-08-03;2015-08-10;NULL;NULL;0;NULL
806;395;5;NULL;gekündigt;2016-05-13;2016-05-22;Keine Nutzung mehr;2018-05-08;1;2018-06-11
807;396;1;NULL;gekündigt;2017-11-02;2017-11-19;Zu teuer;2021-12-22;1;2022-01-09
808;396;2;NULL;aktiv;2018-02-06;2018-02-20;NULL;NULL;0;NULL
809;397;4;NULL;gekündigt;2021-06-02;2021-06-13;Keine Nutzung mehr;2021-12-14;1;2022-02-02
810;398;5;NULL;aktiv;2016-06-23;2016-06-27;NULL;NULL;0;NULL
811;398;1;NULL;aktiv;2016-12-01;2016-12-29;NULL;NULL;0;NULL
812;398;1;NULL;gekündigt;2017-11-06;2017-11-14;Unzufriedenheit mit Service;2019-05-12;1;2019-07-06
813;399;1;2;aktiv;2017-05-14;2017-06-07;NULL;NULL;0;NULL
814;399;3;2;aktiv;2018-01-11;2018-01-24;NULL;NULL;0;NULL
815;400;3;NULL;aktiv;2018-02-07;2018-02-13;NULL;NULL;0;NULL
816;400;3;1;gekündigt;2018-04-14;2018-04-30;Wechsel zum Mitbewerber;2019-11-10;1;2019-12-27
817;400;2;2;aktiv;2018-07-04;2018-07-07;NULL;NULL;0;NULL
818;401;5;NULL;aktiv;2023-04-15;2023-04-25;NULL;NULL;0;NULL
819;402;2;NULL;aktiv;2021-09-01;2021-09-30;NULL;NULL;0;NULL
820;402;4;NULL;aktiv;2022-07-13;2022-08-01;NULL;NULL;0;NULL
821;402;5;NULL;aktiv;2023-07-04;2023-07-06;NULL;NULL;0;NULL
822;403;4;NULL;aktiv;2019-12-09;2019-12-09;NULL;NULL;0;NULL
823;403;2;1;aktiv;2020-04-02;2020-04-28;NULL;NULL;0;NULL
824;403;3;1;aktiv;2021-01-15;2021-02-08;NULL;NULL;0;NULL
825;404;4;1;aktiv;2021-05-19;2021-05-26;NULL;NULL;0;NULL
826;404;5;NULL;aktiv;2021-11-26;2021-11-26;NULL;NULL;0;NULL
827;404;3;2;aktiv;2022-06-10;2022-06-13;NULL;NULL;0;NULL
828;405;3;1;aktiv;2015-10-27;2015-11-07;NULL;NULL;0;NULL
829;405;5;3;gekündigt;2016-09-09;2016-10-06;Persönliche Gründe;2021-05-05;1;2021-06-23
830;406;4;NULL;aktiv;2017-10-25;2017-11-19;NULL;NULL;0;NULL
831;406;1;1;aktiv;2017-11-24;2017-12-11;NULL;NULL;0;NULL
832;407;5;1;gekündigt;2016-07-08;2016-07-08;Persönliche Gründe;2018-08-31;1;2018-09-14
833;408;3;NULL;gekündigt;2018-07-24;2018-07-26;Umzug ins Ausland;2022-11-01;1;2022-12-02
834;409;4;3;aktiv;2016-02-21;2016-02-28;NULL;NULL;0;NULL
835;410;3;NULL;aktiv;2018-06-19;2018-07-05;NULL;NULL;0;NULL
836;410;2;NULL;gekündigt;2018-11-23;2018-12-10;Keine Nutzung mehr;2021-01-07;1;2021-01-26
837;411;1;NULL;aktiv;2015-03-10;2015-03-16;NULL;NULL;0;NULL
838;412;4;2;aktiv;2015-03-01;2015-03-05;NULL;NULL;0;NULL
839;413;5;NULL;aktiv;2020-08-04;2020-08-22;NULL;NULL;0;NULL
840;414;5;2;aktiv;2015-12-02;2015-12-26;NULL;NULL;0;NULL
841;414;3;NULL;gekündigt;2016-01-29;2016-02-07;Wechsel zum Mitbewerber;2018-11-23;1;2019-01-02
842;414;5;1;aktiv;2016-06-23;2016-07-22;NULL;NULL;0;NULL
843;415;4;NULL;gekündigt;2017-11-21;2017-11-23;Besseres Angebot;2021-04-11;1;2021-04-27
844;415;5;NULL;gekündigt;2018-09-23;2018-09-27;Schlechter Empfang;2021-11-16;1;2022-01-13
845;415;1;NULL;aktiv;2019-01-09;2019-01-18;NULL;NULL;0;NULL
846;416;5;NULL;aktiv;2022-09-23;2022-10-18;NULL;NULL;0;NULL
847;416;2;1;aktiv;2022-12-08;2022-12-26;NULL;NULL;0;NULL
848;417;2;NULL;gekündigt;2023-03-17;2023-04-16;Zu teuer;2026-03-25;1;2026-05-14
849;418;3;NULL;gekündigt;2023-01-31;2023-01-31;Umzug ins Ausland;2026-04-11;1;2026-05-22
850;418;4;NULL;aktiv;2023-05-10;2023-06-04;NULL;NULL;0;NULL
851;419;5;1;gekündigt;2022-07-22;2022-08-18;Schlechter Empfang;2026-05-16;1;2026-07-02
852;419;1;NULL;gekündigt;2022-12-23;2023-01-05;Wechsel zum Mitbewerber;2025-10-14;1;2025-11-17
853;420;4;NULL;aktiv;2015-02-12;2015-03-03;NULL;NULL;0;NULL
854;420;2;NULL;gekündigt;2015-09-08;2015-09-20;Zu teuer;2019-05-11;1;2019-07-05
855;420;2;NULL;aktiv;2016-03-12;2016-03-17;NULL;NULL;0;NULL
856;421;5;NULL;gekündigt;2015-09-07;2015-09-12;Schlechter Empfang;2016-05-07;1;2016-06-04
857;421;2;NULL;aktiv;2016-04-15;2016-04-16;NULL;NULL;0;NULL
858;422;1;1;gekündigt;2016-06-06;2016-06-21;Persönliche Gründe;2020-05-04;1;2020-05-27
859;423;1;NULL;gekündigt;2023-03-11;2023-03-13;Besseres Angebot;2026-04-13;1;2026-04-28
860;423;5;NULL;gekündigt;2023-07-26;2023-08-03;Persönliche Gründe;2026-12-29;1;2027-02-14
861;424;5;NULL;aktiv;2018-11-20;2018-11-24;NULL;NULL;0;NULL
862;424;1;NULL;aktiv;2019-03-02;2019-03-30;NULL;NULL;0;NULL
863;425;3;2;gekündigt;2018-09-12;2018-09-25;Persönliche Gründe;2020-09-16;1;2020-10-12
864;426;1;NULL;gekündigt;2020-11-11;2020-11-29;Besseres Angebot;2024-12-21;1;2025-01-21
865;426;1;1;gekündigt;2021-02-04;2021-02-25;Schlechter Empfang;2025-02-14;1;2025-03-24
866;427;1;NULL;aktiv;2016-05-01;2016-05-20;NULL;NULL;0;NULL
867;427;5;NULL;aktiv;2017-02-03;2017-02-25;NULL;NULL;0;NULL
868;427;2;NULL;aktiv;2017-06-08;2017-07-03;NULL;NULL;0;NULL
869;428;1;4;gekündigt;2018-10-31;2018-11-14;Besseres Angebot;2022-03-15;1;2022-04-17
870;428;4;NULL;aktiv;2019-08-07;2019-08-13;NULL;NULL;0;NULL
871;428;3;NULL;aktiv;2019-09-15;2019-09-18;NULL;NULL;0;NULL
872;429;3;NULL;gekündigt;2021-11-24;2021-12-17;Zu teuer;2025-02-11;1;2025-03-14
873;429;3;NULL;aktiv;2022-11-09;2022-11-28;NULL;NULL;0;NULL
874;429;5;2;aktiv;2022-12-24;2023-01-17;NULL;NULL;0;NULL
875;430;3;NULL;aktiv;2018-03-21;2018-04-05;NULL;NULL;0;NULL
876;431;4;NULL;aktiv;2018-06-28;2018-07-09;NULL;NULL;0;NULL
877;432;2;NULL;aktiv;2021-04-10;2021-04-20;NULL;NULL;0;NULL
878;432;2;2;aktiv;2022-02-27;2022-03-06;NULL;NULL;0;NULL
879;432;5;1;gekündigt;2022-09-04;2022-09-06;Schlechter Empfang;2026-02-23;1;2026-03-17
880;433;5;1;aktiv;2018-04-09;2018-04-19;NULL;NULL;0;NULL
881;434;3;2;aktiv;2019-10-07;2019-11-01;NULL;NULL;0;NULL
882;435;4;NULL;aktiv;2016-05-14;2016-06-03;NULL;NULL;0;NULL
883;436;5;1;aktiv;2016-12-22;2017-01-06;NULL;NULL;0;NULL
884;436;1;1;aktiv;2017-07-02;2017-07-19;NULL;NULL;0;NULL
885;436;2;NULL;gekündigt;2017-09-30;2017-10-13;Zu teuer;2018-11-22;1;2019-01-21
886;437;4;NULL;gekündigt;2016-12-10;2017-01-02;Persönliche Gründe;2021-06-20;1;2021-08-13
887;437;2;NULL;gekündigt;2017-03-27;2017-04-13;Persönliche Gründe;2018-09-21;1;2018-10-06
888;438;5;NULL;gekündigt;2021-05-31;2021-06-14;Zu teuer;2023-02-17;1;2023-03-17
889;438;1;NULL;aktiv;2021-12-30;2022-01-12;NULL;NULL;0;NULL
890;438;2;1;aktiv;2022-09-30;2022-10-28;NULL;NULL;0;NULL
891;439;3;3;gekündigt;2022-08-07;2022-08-17;Unzufriedenheit mit Service;2025-02-20;1;2025-04-06
892;439;2;1;gekündigt;2022-11-15;2022-12-13;Zu teuer;2023-06-09;1;2023-07-19
893;440;2;NULL;aktiv;2020-11-22;2020-12-12;NULL;NULL;0;NULL
894;440;2;NULL;gekündigt;2021-04-04;2021-04-10;Unzufriedenheit mit Service;2024-01-25;1;2024-03-18
895;441;2;NULL;aktiv;2016-11-01;2016-11-28;NULL;NULL;0;NULL
896;441;5;NULL;aktiv;2016-12-22;2016-12-22;NULL;NULL;0;NULL
897;442;3;NULL;aktiv;2018-07-01;2018-07-16;NULL;NULL;0;NULL
898;442;5;NULL;aktiv;2019-05-19;2019-06-18;NULL;NULL;0;NULL
899;442;1;NULL;aktiv;2020-05-11;2020-06-10;NULL;NULL;0;NULL
900;443;1;1;aktiv;2016-12-19;2017-01-05;NULL;NULL;0;NULL
901;443;5;1;aktiv;2017-05-23;2017-06-21;NULL;NULL;0;NULL
902;444;4;NULL;aktiv;2016-04-29;2016-05-11;NULL;NULL;0;NULL
903;444;1;2;gekündigt;2017-04-16;2017-04-28;Persönliche Gründe;2020-02-21;1;2020-03-31
904;444;4;1;gekündigt;2017-10-09;2017-10-13;Zu teuer;2019-10-08;1;2019-11-30
905;445;4;NULL;aktiv;2020-08-29;2020-09-20;NULL;NULL;0;NULL
906;446;5;NULL;gekündigt;2023-02-12;2023-03-11;Umzug ins Ausland;2027-11-01;1;2027-12-22
907;447;3;NULL;aktiv;2021-07-12;2021-07-13;NULL;NULL;0;NULL
908;447;4;2;aktiv;2021-11-10;2021-11-10;NULL;NULL;0;NULL
909;448;1;NULL;gekündigt;2023-01-27;2023-02-02;Umzug ins Ausland;2027-04-17;1;2027-06-11
910;448;1;NULL;gekündigt;2023-04-30;2023-05-16;Besseres Angebot;2026-03-11;1;2026-05-04
911;449;4;1;aktiv;2023-02-19;2023-02-22;NULL;NULL;0;NULL
912;449;5;NULL;aktiv;2023-12-07;2023-12-18;NULL;NULL;0;NULL
913;449;5;NULL;aktiv;2024-07-17;2024-08-07;NULL;NULL;0;NULL
914;450;5;NULL;aktiv;2019-02-13;2019-02-20;NULL;NULL;0;NULL
915;450;2;NULL;aktiv;2019-05-30;2019-06-12;NULL;NULL;0;NULL
916;451;1;1;aktiv;2015-09-04;2015-09-25;NULL;NULL;0;NULL
917;451;4;NULL;gekündigt;2016-03-10;2016-03-10;Umzug ins Ausland;2017-08-21;1;2017-09-11
918;451;1;NULL;aktiv;2016-07-21;2016-08-03;NULL;NULL;0;NULL
919;452;4;NULL;aktiv;2021-09-08;2021-10-01;NULL;NULL;0;NULL
920;453;1;1;aktiv;2018-07-21;2018-08-16;NULL;NULL;0;NULL
921;453;2;1;gekündigt;2019-04-29;2019-05-10;Unzufriedenheit mit Service;2023-05-24;1;2023-07-07
922;453;4;1;gekündigt;2019-12-24;2020-01-19;Schlechter Empfang;2023-10-19;1;2023-11-02
923;454;5;1;aktiv;2020-01-15;2020-02-05;NULL;NULL;0;NULL
924;454;1;3;gekündigt;2020-05-30;2020-06-15;Besseres Angebot;2021-01-22;1;2021-03-18
925;455;1;1;aktiv;2019-06-14;2019-07-09;NULL;NULL;0;NULL
926;456;3;NULL;aktiv;2016-10-04;2016-10-20;NULL;NULL;0;NULL
927;456;1;2;aktiv;2016-11-28;2016-12-22;NULL;NULL;0;NULL
928;457;3;NULL;aktiv;2018-12-30;2019-01-18;NULL;NULL;0;NULL
929;458;5;NULL;gekündigt;2022-08-07;2022-09-03;Besseres Angebot;2025-07-03;1;2025-08-23
930;458;1;NULL;aktiv;2022-09-24;2022-10-22;NULL;NULL;0;NULL
931;458;3;NULL;aktiv;2023-04-07;2023-04-22;NULL;NULL;0;NULL
932;459;5;NULL;gekündigt;2019-04-19;2019-05-16;Wechsel zum Mitbewerber;2022-05-15;1;2022-06-06
933;459;3;NULL;aktiv;2019-10-06;2019-10-24;NULL;NULL;0;NULL
934;460;2;NULL;aktiv;2016-01-10;2016-01-31;NULL;NULL;0;NULL
935;461;5;1;aktiv;2015-02-03;2015-02-20;NULL;NULL;0;NULL
936;461;5;1;aktiv;2015-11-07;2015-11-28;NULL;NULL;0;NULL
937;461;4;NULL;aktiv;2016-05-02;2016-05-29;NULL;NULL;0;NULL
938;462;5;2;aktiv;2018-12-13;2018-12-23;NULL;NULL;0;NULL
939;462;3;NULL;aktiv;2019-11-27;2019-12-24;NULL;NULL;0;NULL
940;463;4;1;aktiv;2016-01-14;2016-01-28;NULL;NULL;0;NULL
941;463;4;NULL;aktiv;2017-01-01;2017-01-17;NULL;NULL;0;NULL
942;463;5;NULL;gekündigt;2017-05-03;2017-05-06;Zu teuer;2019-05-21;1;2019-06-16
943;464;4;NULL;aktiv;2019-10-22;2019-11-18;NULL;NULL;0;NULL
944;465;2;2;aktiv;2016-02-27;2016-03-22;NULL;NULL;0;NULL
945;465;4;1;gekündigt;2016-10-26;2016-11-05;Schlechter Empfang;2019-02-20;1;2019-04-10
946;465;2;NULL;aktiv;2016-11-30;2016-12-26;NULL;NULL;0;NULL
947;466;3;1;gekündigt;2017-06-28;2017-07-19;Zu teuer;2020-12-21;1;2021-01-24
948;467;3;1;gekündigt;2022-09-17;2022-09-27;Zu teuer;2027-02-16;1;2027-04-07
949;467;2;2;gekündigt;2023-01-14;2023-01-30;Unzufriedenheit mit Service;2025-04-08;1;2025-06-04
950;467;1;1;aktiv;2023-10-13;2023-11-06;NULL;NULL;0;NULL
951;468;4;3;aktiv;2015-05-12;2015-05-20;NULL;NULL;0;NULL
952;469;4;NULL;aktiv;2022-12-20;2023-01-06;NULL;NULL;0;NULL
953;469;1;NULL;aktiv;2023-08-18;2023-09-07;NULL;NULL;0;NULL
954;470;3;NULL;aktiv;2015-01-04;2015-01-05;NULL;NULL;0;NULL
955;470;2;2;aktiv;2015-02-12;2015-03-10;NULL;NULL;0;NULL
956;470;3;2;gekündigt;2015-08-30;2015-09-05;Zu teuer;2016-11-26;1;2016-12-27
957;471;5;2;aktiv;2016-12-20;2016-12-29;NULL;NULL;0;NULL
958;471;5;1;aktiv;2017-11-07;2017-11-29;NULL;NULL;0;NULL
959;472;3;NULL;aktiv;2015-04-25;2015-05-11;NULL;NULL;0;NULL
960;473;1;1;gekündigt;2017-12-31;2018-01-30;Schlechter Empfang;2018-11-08;1;2018-12-23
961;473;4;NULL;aktiv;2018-08-08;2018-08-08;NULL;NULL;0;NULL
962;473;2;1;aktiv;2019-02-08;2019-02-14;NULL;NULL;0;NULL
963;474;3;NULL;aktiv;2019-12-21;2020-01-17;NULL;NULL;0;NULL
964;475;4;1;aktiv;2018-05-30;2018-06-26;NULL;NULL;0;NULL
965;476;2;1;gekündigt;2020-06-06;2020-07-02;Persönliche Gründe;2023-06-21;1;2023-08-20
966;476;2;NULL;aktiv;2020-12-20;2020-12-28;NULL;NULL;0;NULL
967;476;5;1;aktiv;2021-03-10;2021-03-20;NULL;NULL;0;NULL
968;477;1;1;aktiv;2021-02-24;2021-03-15;NULL;NULL;0;NULL
969;478;1;NULL;gekündigt;2016-12-13;2017-01-07;Wechsel zum Mitbewerber;2017-07-14;1;2017-09-09
970;479;1;NULL;gekündigt;2017-09-16;2017-10-03;Persönliche Gründe;2022-05-06;1;2022-07-01
971;479;5;3;aktiv;2017-10-27;2017-10-27;NULL;NULL;0;NULL
972;480;3;NULL;gekündigt;2022-06-11;2022-07-11;Besseres Angebot;2024-06-15;1;2024-07-16
973;481;1;NULL;gekündigt;2017-03-21;2017-04-16;Wechsel zum Mitbewerber;2018-07-05;1;2018-08-05
974;481;5;NULL;aktiv;2017-04-27;2017-05-25;NULL;NULL;0;NULL
975;481;2;NULL;aktiv;2017-07-18;2017-07-26;NULL;NULL;0;NULL
976;482;3;NULL;gekündigt;2021-10-26;2021-11-13;Schlechter Empfang;2026-03-04;1;2026-04-05
977;482;1;NULL;gekündigt;2022-02-20;2022-03-07;Unzufriedenheit mit Service;2024-05-25;1;2024-07-12
978;483;1;2;aktiv;2018-06-12;2018-06-12;NULL;NULL;0;NULL
979;484;4;NULL;gekündigt;2020-12-28;2021-01-15;Umzug ins Ausland;2023-10-08;1;2023-11-16
980;485;4;NULL;aktiv;2019-03-13;2019-03-28;NULL;NULL;0;NULL
981;485;3;1;aktiv;2019-09-18;2019-10-02;NULL;NULL;0;NULL
982;485;1;NULL;aktiv;2020-07-17;2020-07-24;NULL;NULL;0;NULL
983;486;2;NULL;gekündigt;2022-11-28;2022-12-07;Wechsel zum Mitbewerber;2027-03-14;1;2027-04-26
984;486;3;NULL;aktiv;2023-08-18;2023-09-12;NULL;NULL;0;NULL
985;486;4;NULL;gekündigt;2024-05-12;2024-06-09;Persönliche Gründe;2026-01-17;1;2026-02-09
986;487;2;NULL;aktiv;2022-09-03;2022-09-11;NULL;NULL;0;NULL
987;487;3;NULL;aktiv;2023-03-21;2023-04-08;NULL;NULL;0;NULL
988;488;4;4;gekündigt;2017-07-01;2017-07-08;Umzug ins Ausland;2020-07-22;1;2020-09-03
989;489;5;NULL;aktiv;2020-06-15;2020-07-10;NULL;NULL;0;NULL
990;489;1;NULL;aktiv;2021-04-01;2021-04-09;NULL;NULL;0;NULL
991;490;5;3;aktiv;2016-09-27;2016-10-03;NULL;NULL;0;NULL
992;490;5;NULL;aktiv;2017-03-30;2017-04-23;NULL;NULL;0;NULL
993;491;2;NULL;aktiv;2020-03-09;2020-03-11;NULL;NULL;0;NULL
994;491;2;NULL;aktiv;2021-01-13;2021-02-05;NULL;NULL;0;NULL
995;492;3;2;gekündigt;2021-02-25;2021-03-03;Keine Nutzung mehr;2025-05-25;1;2025-07-15
996;493;3;NULL;aktiv;2022-08-11;2022-09-05;NULL;NULL;0;NULL
997;493;2;1;aktiv;2023-01-08;2023-01-08;NULL;NULL;0;NULL
998;493;5;NULL;aktiv;2023-03-18;2023-03-23;NULL;NULL;0;NULL
999;494;5;2;aktiv;2023-01-11;2023-01-27;NULL;NULL;0;NULL
1000;494;1;2;aktiv;2023-11-21;2023-12-11;NULL;NULL;0;NULL
1001;494;3;2;aktiv;2024-03-20;2024-04-09;NULL;NULL;0;NULL
1002;495;1;NULL;aktiv;2018-10-11;2018-11-08;NULL;NULL;0;NULL
1003;495;4;NULL;gekündigt;2019-09-11;2019-09-15;Zu teuer;2023-08-25;1;2023-10-20
1004;495;2;1;aktiv;2019-11-26;2019-12-05;NULL;NULL;0;NULL
1005;496;1;NULL;aktiv;2020-03-14;2020-03-16;NULL;NULL;0;NULL
1006;496;4;1;aktiv;2020-06-28;2020-06-30;NULL;NULL;0;NULL
1007;496;5;2;aktiv;2021-02-12;2021-02-26;NULL;NULL;0;NULL
1008;497;3;1;gekündigt;2016-02-24;2016-03-15;Keine Nutzung mehr;2020-05-11;1;2020-06-13
1009;498;5;3;gekündigt;2018-07-12;2018-08-01;Umzug ins Ausland;2021-10-10;1;2021-11-18
1010;499;3;1;aktiv;2017-12-22;2018-01-07;NULL;NULL;0;NULL
1011;500;5;1;aktiv;2021-07-26;2021-07-31;NULL;NULL;0;NULL
